{"data": [{"name": "Shawn Armstrong43", "position": "RP", "link": "https://www.espn.com/mlb/player/_/id/33499", "id": "33499"}, {"name": "Caleb Boushley70", "position": "RP", "link": "https://www.espn.com/mlb/player/_/id/41975", "id": "41975"}, {"name": "Patrick Corbin46", "position": "SP", "link": "https://www.espn.com/mlb/player/_/id/31313", "id": "31313"}, {"name": "Jacob deGrom48", "position": "SP", "link": "https://www.espn.com/mlb/player/_/id/32796", "id": "32796"}, {"name": "Nathan Eovaldi17", "position": "SP", "link": "https://www.espn.com/mlb/player/_/id/31174", "id": "31174"}, {"name": "Robert Garcia62", "position": "RP", "link": "https://www.espn.com/mlb/player/_/id/5125167", "id": "5125167"}, {"name": "Luke Jackson77", "position": "RP", "link": "https://www.espn.com/mlb/player/_/id/31749", "id": "31749"}, {"name": "Jacob Latz67", "position": "RP", "link": "https://www.espn.com/mlb/player/_/id/3210625", "id": "3210625"}, {"name": "Tyler Mahle51", "position": "SP", "link": "https://www.espn.com/mlb/player/_/id/34973", "id": "34973"}, {"name": "Chris Martin55", "position": "RP", "link": "https://www.espn.com/mlb/player/_/id/32903", "id": "32903"}, {"name": "Hoby Milner41", "position": "RP", "link": "https://www.espn.com/mlb/player/_/id/36088", "id": "36088"}, {"name": "Kumar Rocker80", "position": "SP", "link": "https://www.espn.com/mlb/player/_/id/4414525", "id": "4414525"}, {"name": "Jacob Webb71", "position": "RP", "link": "https://www.espn.com/mlb/player/_/id/40384", "id": "40384"}, {"name": "Jonah Heim28", "position": "C", "link": "https://www.espn.com/mlb/player/_/id/33842", "id": "33842"}, {"name": "Kyle Higashioka11", "position": "C", "link": "https://www.espn.com/mlb/player/_/id/30545", "id": "30545"}, {"name": "Jake Burger21", "position": "3B", "link": "https://www.espn.com/mlb/player/_/id/39882", "id": "39882"}, {"name": "Ezequiel Duran20", "position": "3B", "link": "https://www.espn.com/mlb/player/_/id/42457", "id": "42457"}, {"name": "Josh Jung6", "position": "3B", "link": "https://www.espn.com/mlb/player/_/id/42437", "id": "42437"}, {"name": "Corey Seager5", "position": "SS", "link": "https://www.espn.com/mlb/player/_/id/32691", "id": "32691"}, {"name": "Marcus Semien2", "position": "2B", "link": "https://www.espn.com/mlb/player/_/id/32146", "id": "32146"}, {"name": "Josh Smith8", "position": "3B", "link": "https://www.espn.com/mlb/player/_/id/42884", "id": "42884"}, {"name": "Adolis Garcia53", "position": "RF", "link": "https://www.espn.com/mlb/player/_/id/35537", "id": "35537"}, {"name": "Dustin Harris38", "position": "CF", "link": "https://www.espn.com/mlb/player/_/id/4917924", "id": "4917924"}, {"name": "Kevin Pillar1", "position": "CF", "link": "https://www.espn.com/mlb/player/_/id/32859", "id": "32859"}, {"name": "Leody Taveras3", "position": "CF", "link": "https://www.espn.com/mlb/player/_/id/34951", "id": "34951"}, {"name": "Joc Pederson4", "position": "DH", "link": "https://www.espn.com/mlb/player/_/id/31392", "id": "31392"}], "cache_time": 1744837602.83511}