{"games": [{"game_id": "778291", "game_date": "2025-04-17", "game_time": "2025-04-17T16:10:00Z", "venue": "loanDepot park", "home_team": "Miami Marlins", "away_team": "Arizona Diamondbacks", "home_pitcher": "Edward Cabrera", "away_pitcher": "Eduardo Rodriguez", "home_pitcher_era": "N/A", "away_pitcher_era": 4.15, "predictions": {"under_1_run_first_inning": {"probability": 51.7, "recommendation": "Lean", "factors": [{"factor": "Pitcher Performance", "weight": 0.25, "score": 6.75, "description": "Home: Edward Cabrera (ERA: N/A), Away: Eduardo Rodriguez (ERA: 4.15)"}, {"factor": "Bullpen Performance", "weight": 0.15, "score": 55.83949477587017, "description": "Analysis of bullpen effectiveness and recent workload"}, {"factor": "Ballpark Factors", "weight": 0.1, "score": 48.64998168583423, "description": "Impact of ballpark dimensions and conditions on scoring"}, {"factor": "Batter vs. Pitcher Matchups", "weight": 0.15, "score": 57.05162846667713, "description": "Historical performance in specific batter-pitcher matchups"}, {"factor": "Defensive Metrics", "weight": 0.1, "score": 53.30209469806343, "description": "Team fielding efficiency and defensive positioning"}, {"factor": "Team Momentum", "weight": 0.05, "score": 45.90387548881648, "description": "Recent team performance and winning/losing streaks"}, {"factor": "Umpire Impact", "weight": 0.05, "score": 52.23900387451546, "description": "Umpire tendencies for strike zone and pace of play"}, {"factor": "Handedness Matchups", "weight": 0.05, "score": 49.44433472305778, "description": "Advantage based on pitcher/batter handedness combinations"}, {"factor": "Base Running", "weight": 0.05, "score": 51.517622829641574, "description": "Team speed, stolen base success, and extra-base aggressiveness"}, {"factor": "Travel & Schedule", "weight": 0.025, "score": 52.49069687303343, "description": "Impact of recent travel, rest days, and schedule density"}, {"factor": "Injury Impact", "weight": 0.025, "score": 41.739425858487785, "description": "Effect of injuries on lineup strength and bullpen depth"}, {"factor": "Weather Conditions", "weight": 0.025, "score": 48.38466178861552, "description": "Current weather effects on ball flight and player performance"}]}, "over_2_5_runs_first_three_innings": {"probability": 50.13, "recommendation": "Lean", "factors": [{"factor": "Pitcher Performance", "weight": 0.25, "score": -6.75, "description": "Home: Edward Cabrera (ERA: N/A), Away: Eduardo Rodriguez (ERA: 4.15)"}, {"factor": "Bullpen Performance", "weight": 0.15, "score": -44.51738515203114, "description": "Analysis of bullpen effectiveness and recent workload"}, {"factor": "Ballpark Factors", "weight": 0.1, "score": -42.15334054442929, "description": "Impact of ballpark dimensions and conditions on scoring"}, {"factor": "Batter vs. Pitcher Matchups", "weight": 0.15, "score": -48.69445828692777, "description": "Historical performance in specific batter-pitcher matchups"}, {"factor": "Defensive Metrics", "weight": 0.1, "score": -54.1900395038803, "description": "Team fielding efficiency and defensive positioning"}, {"factor": "Team Momentum", "weight": 0.05, "score": -44.43320303327085, "description": "Recent team performance and winning/losing streaks"}, {"factor": "Umpire Impact", "weight": 0.05, "score": -46.92718675241177, "description": "Umpire tendencies for strike zone and pace of play"}, {"factor": "Handedness Matchups", "weight": 0.05, "score": -52.5270123495406, "description": "Advantage based on pitcher/batter handedness combinations"}, {"factor": "Base Running", "weight": 0.05, "score": -49.65388985649851, "description": "Team speed, stolen base success, and extra-base aggressiveness"}, {"factor": "Travel & Schedule", "weight": 0.025, "score": -49.45653021387932, "description": "Impact of recent travel, rest days, and schedule density"}, {"factor": "Injury Impact", "weight": 0.025, "score": -52.378168835943555, "description": "Effect of injuries on lineup strength and bullpen depth"}, {"factor": "Weather Conditions", "weight": 0.025, "score": -49.960079369873654, "description": "Current weather effects on ball flight and player performance"}]}, "over_3_5_runs_first_three_innings": {"probability": 46.47, "recommendation": "Avoid", "factors": [{"factor": "Pitcher Performance", "weight": 0.25, "score": -6.75, "description": "Home: Edward Cabrera (ERA: N/A), Away: Eduardo Rodriguez (ERA: 4.15)"}, {"factor": "Bullpen Performance", "weight": 0.15, "score": -59.32625645469031, "description": "Analysis of bullpen effectiveness and recent workload"}, {"factor": "Ballpark Factors", "weight": 0.1, "score": -49.378002370181186, "description": "Impact of ballpark dimensions and conditions on scoring"}, {"factor": "Batter vs. Pitcher Matchups", "weight": 0.15, "score": -59.9917065860394, "description": "Historical performance in specific batter-pitcher matchups"}, {"factor": "Defensive Metrics", "weight": 0.1, "score": -55.175068481678146, "description": "Team fielding efficiency and defensive positioning"}, {"factor": "Team Momentum", "weight": 0.05, "score": -52.40305871174716, "description": "Recent team performance and winning/losing streaks"}, {"factor": "Umpire Impact", "weight": 0.05, "score": -40.762728953742325, "description": "Umpire tendencies for strike zone and pace of play"}, {"factor": "Handedness Matchups", "weight": 0.05, "score": -58.686263645466354, "description": "Advantage based on pitcher/batter handedness combinations"}, {"factor": "Base Running", "weight": 0.05, "score": -55.59967722417304, "description": "Team speed, stolen base success, and extra-base aggressiveness"}, {"factor": "Travel & Schedule", "weight": 0.025, "score": -54.16562519758013, "description": "Impact of recent travel, rest days, and schedule density"}, {"factor": "Injury Impact", "weight": 0.025, "score": -59.590981539899914, "description": "Effect of injuries on lineup strength and bullpen depth"}, {"factor": "Weather Conditions", "weight": 0.025, "score": -58.576861837099344, "description": "Current weather effects on ball flight and player performance"}]}}, "stats_comparison": {"pitchers": {"home": {"name": "Edward Cabrera", "era": "N/A", "whip": 1.25, "strikeouts": 100, "innings_pitched": 100, "era_source": "not-found", "last_updated": "2025-04-16 22:21:08"}, "away": {"name": "Eduardo Rodriguez", "era": 4.15, "whip": 1.25, "strikeouts": 100, "innings_pitched": 100, "era_source": "MLB Stats API (Fallback)", "last_updated": "2025-04-16 22:21:08"}}, "teams": {"home": {"name": "Miami Marlins", "runs_per_game": 4.5876083931487495, "batting_average": 0.2596365072529044, "on_base_percentage": 0.31247135024488837, "slugging_percentage": 0.42504975057846905, "home_record": "14-17", "last_10_games": "8-3"}, "away": {"name": "Arizona Diamondbacks", "runs_per_game": 4.700158586523982, "batting_average": 0.25347917611806825, "on_base_percentage": 0.3486944861574795, "slugging_percentage": 0.4270254867514461, "away_record": "15-27", "last_10_games": "8-2"}}, "first_inning_stats": {"home": {"first_inning_runs": 0.6588414378627028, "first_inning_batting_avg": 0.23910765478734258}, "away": {"first_inning_runs": 0.48583643243224706, "first_inning_batting_avg": 0.24006878817877403}}, "first_three_innings_stats": {"home": {"first_three_innings_runs": 1.7531036836852691, "first_three_innings_batting_avg": 0.2542828757061693}, "away": {"first_three_innings_runs": 1.9353893739382466, "first_three_innings_batting_avg": 0.2411926602317659}}}, "metadata": {"timestamp": "2025-04-16 22:21:10", "data_source": "MLB Stats API (Official)", "last_refresh": "2025-04-16 22:21:08"}}, {"game_id": "778280", "game_date": "2025-04-17", "game_time": "2025-04-17T16:35:00Z", "venue": "PNC Park", "home_team": "Pittsburgh Pirates", "away_team": "Washington Nationals", "home_pitcher": "Andrew Heaney", "away_pitcher": "Trevor Williams", "home_pitcher_era": 4.56, "away_pitcher_era": 4.46, "predictions": {"under_1_run_first_inning": {"probability": 51.96000000000001, "recommendation": "Lean", "factors": [{"factor": "Pitcher Performance", "weight": 0.25, "score": 4.900000000000006, "description": "Home: Andrew Heaney (ERA: 4.56), Away: Trevor Williams (ERA: 4.46)"}, {"factor": "Bullpen Performance", "weight": 0.15, "score": 40.47519061948011, "description": "Analysis of bullpen effectiveness and recent workload"}, {"factor": "Ballpark Factors", "weight": 0.1, "score": 56.81787617172251, "description": "Impact of ballpark dimensions and conditions on scoring"}, {"factor": "Batter vs. Pitcher Matchups", "weight": 0.15, "score": 51.36260783194874, "description": "Historical performance in specific batter-pitcher matchups"}, {"factor": "Defensive Metrics", "weight": 0.1, "score": 54.777711980226755, "description": "Team fielding efficiency and defensive positioning"}, {"factor": "Team Momentum", "weight": 0.05, "score": 52.15253192041899, "description": "Recent team performance and winning/losing streaks"}, {"factor": "Umpire Impact", "weight": 0.05, "score": 53.91976712280947, "description": "Umpire tendencies for strike zone and pace of play"}, {"factor": "Handedness Matchups", "weight": 0.05, "score": 58.36119397409632, "description": "Advantage based on pitcher/batter handedness combinations"}, {"factor": "Base Running", "weight": 0.05, "score": 52.60221452680205, "description": "Team speed, stolen base success, and extra-base aggressiveness"}, {"factor": "Travel & Schedule", "weight": 0.025, "score": 51.5105227872122, "description": "Impact of recent travel, rest days, and schedule density"}, {"factor": "Injury Impact", "weight": 0.025, "score": 59.75281702406565, "description": "Effect of injuries on lineup strength and bullpen depth"}, {"factor": "Weather Conditions", "weight": 0.025, "score": 52.07393776666993, "description": "Current weather effects on ball flight and player performance"}]}, "over_2_5_runs_first_three_innings": {"probability": 49.844, "recommendation": "Avoid", "factors": [{"factor": "Pitcher Performance", "weight": 0.25, "score": -4.900000000000006, "description": "Home: Andrew Heaney (ERA: 4.56), Away: Trevor Williams (ERA: 4.46)"}, {"factor": "Bullpen Performance", "weight": 0.15, "score": -53.84772404181142, "description": "Analysis of bullpen effectiveness and recent workload"}, {"factor": "Ballpark Factors", "weight": 0.1, "score": -56.241882235535144, "description": "Impact of ballpark dimensions and conditions on scoring"}, {"factor": "Batter vs. Pitcher Matchups", "weight": 0.15, "score": -54.42848088562039, "description": "Historical performance in specific batter-pitcher matchups"}, {"factor": "Defensive Metrics", "weight": 0.1, "score": -58.060213083372005, "description": "Team fielding efficiency and defensive positioning"}, {"factor": "Team Momentum", "weight": 0.05, "score": -43.719461004504204, "description": "Recent team performance and winning/losing streaks"}, {"factor": "Umpire Impact", "weight": 0.05, "score": -54.286750375537956, "description": "Umpire tendencies for strike zone and pace of play"}, {"factor": "Handedness Matchups", "weight": 0.05, "score": -48.38497745533619, "description": "Advantage based on pitcher/batter handedness combinations"}, {"factor": "Base Running", "weight": 0.05, "score": -52.17970585255662, "description": "Team speed, stolen base success, and extra-base aggressiveness"}, {"factor": "Travel & Schedule", "weight": 0.025, "score": -51.22078132827029, "description": "Impact of recent travel, rest days, and schedule density"}, {"factor": "Injury Impact", "weight": 0.025, "score": -44.316406738415296, "description": "Effect of injuries on lineup strength and bullpen depth"}, {"factor": "Weather Conditions", "weight": 0.025, "score": -41.9237781699178, "description": "Current weather effects on ball flight and player performance"}]}, "over_3_5_runs_first_three_innings": {"probability": 46.236000000000004, "recommendation": "Avoid", "factors": [{"factor": "Pitcher Performance", "weight": 0.25, "score": -4.900000000000006, "description": "Home: Andrew Heaney (ERA: 4.56), Away: Trevor Williams (ERA: 4.46)"}, {"factor": "Bullpen Performance", "weight": 0.15, "score": -55.3566281593497, "description": "Analysis of bullpen effectiveness and recent workload"}, {"factor": "Ballpark Factors", "weight": 0.1, "score": -57.13850696471435, "description": "Impact of ballpark dimensions and conditions on scoring"}, {"factor": "Batter vs. Pitcher Matchups", "weight": 0.15, "score": -41.77420659386929, "description": "Historical performance in specific batter-pitcher matchups"}, {"factor": "Defensive Metrics", "weight": 0.1, "score": -44.95530427310336, "description": "Team fielding efficiency and defensive positioning"}, {"factor": "Team Momentum", "weight": 0.05, "score": -49.00923857577805, "description": "Recent team performance and winning/losing streaks"}, {"factor": "Umpire Impact", "weight": 0.05, "score": -56.07718324767797, "description": "Umpire tendencies for strike zone and pace of play"}, {"factor": "Handedness Matchups", "weight": 0.05, "score": -44.139618081737, "description": "Advantage based on pitcher/batter handedness combinations"}, {"factor": "Base Running", "weight": 0.05, "score": -53.23598519194569, "description": "Team speed, stolen base success, and extra-base aggressiveness"}, {"factor": "Travel & Schedule", "weight": 0.025, "score": -44.02529281119176, "description": "Impact of recent travel, rest days, and schedule density"}, {"factor": "Injury Impact", "weight": 0.025, "score": -44.7049733432497, "description": "Effect of injuries on lineup strength and bullpen depth"}, {"factor": "Weather Conditions", "weight": 0.025, "score": -58.84048106845107, "description": "Current weather effects on ball flight and player performance"}]}}, "stats_comparison": {"pitchers": {"home": {"name": "Andrew Heaney", "era": 4.56, "whip": 1.25, "strikeouts": 100, "innings_pitched": 100, "era_source": "MLB Stats API (Fallback)", "last_updated": "2025-04-16 22:21:08"}, "away": {"name": "Trevor Williams", "era": 4.46, "whip": 1.25, "strikeouts": 100, "innings_pitched": 100, "era_source": "MLB Stats API (Fallback)", "last_updated": "2025-04-16 22:21:08"}}, "teams": {"home": {"name": "Pittsburgh Pirates", "runs_per_game": 3.67277109863664, "batting_average": 0.23867846311071653, "on_base_percentage": 0.30177239414951346, "slugging_percentage": 0.4462650977546008, "home_record": "27-15", "last_10_games": "6-4"}, "away": {"name": "Washington Nationals", "runs_per_game": 3.6675021109149766, "batting_average": 0.25428845307559284, "on_base_percentage": 0.3162191092204817, "slugging_percentage": 0.4120466691061768, "away_record": "25-11", "last_10_games": "4-4"}}, "first_inning_stats": {"home": {"first_inning_runs": 0.5070382325394888, "first_inning_batting_avg": 0.2589199343304754}, "away": {"first_inning_runs": 0.4245194217007504, "first_inning_batting_avg": 0.23403899654657745}}, "first_three_innings_stats": {"home": {"first_three_innings_runs": 1.3093300483556818, "first_three_innings_batting_avg": 0.2512200107994659}, "away": {"first_three_innings_runs": 2.2733746939786412, "first_three_innings_batting_avg": 0.2558868184905606}}}, "metadata": {"timestamp": "2025-04-16 22:21:10", "data_source": "MLB Stats API (Official)", "last_refresh": "2025-04-16 22:21:08"}}, {"game_id": "778285", "game_date": "2025-04-17", "game_time": "2025-04-17T16:40:00Z", "venue": "Great American Ball Park", "home_team": "Cincinnati Reds", "away_team": "Seattle Mariners", "home_pitcher": "Brady Singer", "away_pitcher": "Bryan Woo", "home_pitcher_era": 4.39, "away_pitcher_era": 3.63, "predictions": {"under_1_run_first_inning": {"probability": 53.96000000000001, "recommendation": "Lean", "factors": [{"factor": "Pitcher Performance", "weight": 0.25, "score": 9.900000000000006, "description": "Home: Brady Singer (ERA: 4.39), Away: Bryan Woo (ERA: 3.63)"}, {"factor": "Bullpen Performance", "weight": 0.15, "score": 42.189551439259276, "description": "Analysis of bullpen effectiveness and recent workload"}, {"factor": "Ballpark Factors", "weight": 0.1, "score": 45.72839788052838, "description": "Impact of ballpark dimensions and conditions on scoring"}, {"factor": "Batter vs. Pitcher Matchups", "weight": 0.15, "score": 51.12170042544185, "description": "Historical performance in specific batter-pitcher matchups"}, {"factor": "Defensive Metrics", "weight": 0.1, "score": 44.13156051898109, "description": "Team fielding efficiency and defensive positioning"}, {"factor": "Team Momentum", "weight": 0.05, "score": 47.558610374943065, "description": "Recent team performance and winning/losing streaks"}, {"factor": "Umpire Impact", "weight": 0.05, "score": 49.86508434760334, "description": "Umpire tendencies for strike zone and pace of play"}, {"factor": "Handedness Matchups", "weight": 0.05, "score": 47.44780373286156, "description": "Advantage based on pitcher/batter handedness combinations"}, {"factor": "Base Running", "weight": 0.05, "score": 43.163789723203955, "description": "Team speed, stolen base success, and extra-base aggressiveness"}, {"factor": "Travel & Schedule", "weight": 0.025, "score": 54.99300794190018, "description": "Impact of recent travel, rest days, and schedule density"}, {"factor": "Injury Impact", "weight": 0.025, "score": 45.743367432069704, "description": "Effect of injuries on lineup strength and bullpen depth"}, {"factor": "Weather Conditions", "weight": 0.025, "score": 53.255547809997495, "description": "Current weather effects on ball flight and player performance"}]}, "over_2_5_runs_first_three_innings": {"probability": 47.644000000000005, "recommendation": "Avoid", "factors": [{"factor": "Pitcher Performance", "weight": 0.25, "score": -9.900000000000006, "description": "Home: Brady Singer (ERA: 4.39), Away: Bryan Woo (ERA: 3.63)"}, {"factor": "Bullpen Performance", "weight": 0.15, "score": -46.563677373951286, "description": "Analysis of bullpen effectiveness and recent workload"}, {"factor": "Ballpark Factors", "weight": 0.1, "score": -54.43349165232657, "description": "Impact of ballpark dimensions and conditions on scoring"}, {"factor": "Batter vs. Pitcher Matchups", "weight": 0.15, "score": -48.52250645706617, "description": "Historical performance in specific batter-pitcher matchups"}, {"factor": "Defensive Metrics", "weight": 0.1, "score": -53.923421618637946, "description": "Team fielding efficiency and defensive positioning"}, {"factor": "Team Momentum", "weight": 0.05, "score": -46.68190353699807, "description": "Recent team performance and winning/losing streaks"}, {"factor": "Umpire Impact", "weight": 0.05, "score": -57.58996103159692, "description": "Umpire tendencies for strike zone and pace of play"}, {"factor": "Handedness Matchups", "weight": 0.05, "score": -47.012896018711444, "description": "Advantage based on pitcher/batter handedness combinations"}, {"factor": "Base Running", "weight": 0.05, "score": -42.337082643840894, "description": "Team speed, stolen base success, and extra-base aggressiveness"}, {"factor": "Travel & Schedule", "weight": 0.025, "score": -48.65934690114115, "description": "Impact of recent travel, rest days, and schedule density"}, {"factor": "Injury Impact", "weight": 0.025, "score": -42.77665187484438, "description": "Effect of injuries on lineup strength and bullpen depth"}, {"factor": "Weather Conditions", "weight": 0.025, "score": -55.905630987937485, "description": "Current weather effects on ball flight and player performance"}]}, "over_3_5_runs_first_three_innings": {"probability": 44.436, "recommendation": "Avoid", "factors": [{"factor": "Pitcher Performance", "weight": 0.25, "score": -9.900000000000006, "description": "Home: Brady Singer (ERA: 4.39), Away: Bryan Woo (ERA: 3.63)"}, {"factor": "Bullpen Performance", "weight": 0.15, "score": -53.64253137431376, "description": "Analysis of bullpen effectiveness and recent workload"}, {"factor": "Ballpark Factors", "weight": 0.1, "score": -55.07144163451056, "description": "Impact of ballpark dimensions and conditions on scoring"}, {"factor": "Batter vs. Pitcher Matchups", "weight": 0.15, "score": -57.202386885291915, "description": "Historical performance in specific batter-pitcher matchups"}, {"factor": "Defensive Metrics", "weight": 0.1, "score": -53.07675751140822, "description": "Team fielding efficiency and defensive positioning"}, {"factor": "Team Momentum", "weight": 0.05, "score": -47.580068376963304, "description": "Recent team performance and winning/losing streaks"}, {"factor": "Umpire Impact", "weight": 0.05, "score": -47.19512864332166, "description": "Umpire tendencies for strike zone and pace of play"}, {"factor": "Handedness Matchups", "weight": 0.05, "score": -49.01718134537191, "description": "Advantage based on pitcher/batter handedness combinations"}, {"factor": "Base Running", "weight": 0.05, "score": -52.57595291340701, "description": "Team speed, stolen base success, and extra-base aggressiveness"}, {"factor": "Travel & Schedule", "weight": 0.025, "score": -46.398945266747596, "description": "Impact of recent travel, rest days, and schedule density"}, {"factor": "Injury Impact", "weight": 0.025, "score": -46.736076060840304, "description": "Effect of injuries on lineup strength and bullpen depth"}, {"factor": "Weather Conditions", "weight": 0.025, "score": -47.5246073821106, "description": "Current weather effects on ball flight and player performance"}]}}, "stats_comparison": {"pitchers": {"home": {"name": "Brady Singer", "era": 4.39, "whip": 1.25, "strikeouts": 100, "innings_pitched": 100, "era_source": "MLB Stats API (Fallback)", "last_updated": "2025-04-16 22:21:08"}, "away": {"name": "Bryan Woo", "era": 3.63, "whip": 1.25, "strikeouts": 100, "innings_pitched": 100, "era_source": "MLB Stats API (Fallback)", "last_updated": "2025-04-16 22:21:08"}}, "teams": {"home": {"name": "Cincinnati Reds", "runs_per_game": 3.8749394704872064, "batting_average": 0.2665401206019823, "on_base_percentage": 0.3177818883628103, "slugging_percentage": 0.4010239427622223, "home_record": "28-28", "last_10_games": "7-2"}, "away": {"name": "Seattle Mariners", "runs_per_game": 4.716788884528549, "batting_average": 0.2634438293575926, "on_base_percentage": 0.30945112364654553, "slugging_percentage": 0.42559194398100786, "away_record": "28-17", "last_10_games": "8-4"}}, "first_inning_stats": {"home": {"first_inning_runs": 0.7695286218809384, "first_inning_batting_avg": 0.25460752206682147}, "away": {"first_inning_runs": 0.6584146175385044, "first_inning_batting_avg": 0.24081478575026485}}, "first_three_innings_stats": {"home": {"first_three_innings_runs": 1.7121047791430235, "first_three_innings_batting_avg": 0.2397050724165772}, "away": {"first_three_innings_runs": 2.374793396155506, "first_three_innings_batting_avg": 0.25902682588610265}}}, "metadata": {"timestamp": "2025-04-16 22:21:10", "data_source": "MLB Stats API (Official)", "last_refresh": "2025-04-16 22:21:08"}}, {"game_id": "778283", "game_date": "2025-04-17", "game_time": "2025-04-17T18:10:00Z", "venue": "Rate Field", "home_team": "Chicago White Sox", "away_team": "Athletics", "home_pitcher": "Davis Martin", "away_pitcher": "JP Sears", "home_pitcher_era": "N/A", "away_pitcher_era": 4.37, "predictions": {"under_1_run_first_inning": {"probability": 51.260000000000005, "recommendation": "Lean", "factors": [{"factor": "Pitcher Performance", "weight": 0.25, "score": 5.6499999999999915, "description": "Home: Davis Martin (ERA: N/A), Away: JP Sears (ERA: 4.37)"}, {"factor": "Bullpen Performance", "weight": 0.15, "score": 44.052933848147916, "description": "Analysis of bullpen effectiveness and recent workload"}, {"factor": "Ballpark Factors", "weight": 0.1, "score": 48.32491965373521, "description": "Impact of ballpark dimensions and conditions on scoring"}, {"factor": "Batter vs. Pitcher Matchups", "weight": 0.15, "score": 50.7515820672396, "description": "Historical performance in specific batter-pitcher matchups"}, {"factor": "Defensive Metrics", "weight": 0.1, "score": 46.55668195582413, "description": "Team fielding efficiency and defensive positioning"}, {"factor": "Team Momentum", "weight": 0.05, "score": 47.266151960023784, "description": "Recent team performance and winning/losing streaks"}, {"factor": "Umpire Impact", "weight": 0.05, "score": 43.25520207367573, "description": "Umpire tendencies for strike zone and pace of play"}, {"factor": "Handedness Matchups", "weight": 0.05, "score": 55.6464823198277, "description": "Advantage based on pitcher/batter handedness combinations"}, {"factor": "Base Running", "weight": 0.05, "score": 45.364172195647676, "description": "Team speed, stolen base success, and extra-base aggressiveness"}, {"factor": "Travel & Schedule", "weight": 0.025, "score": 58.370779467071486, "description": "Impact of recent travel, rest days, and schedule density"}, {"factor": "Injury Impact", "weight": 0.025, "score": 51.218753087473445, "description": "Effect of injuries on lineup strength and bullpen depth"}, {"factor": "Weather Conditions", "weight": 0.025, "score": 58.27776663222885, "description": "Current weather effects on ball flight and player performance"}]}, "over_2_5_runs_first_three_innings": {"probability": 50.614000000000004, "recommendation": "Lean", "factors": [{"factor": "Pitcher Performance", "weight": 0.25, "score": -5.6499999999999915, "description": "Home: Davis Martin (ERA: N/A), Away: JP Sears (ERA: 4.37)"}, {"factor": "Bullpen Performance", "weight": 0.15, "score": -49.758781857217926, "description": "Analysis of bullpen effectiveness and recent workload"}, {"factor": "Ballpark Factors", "weight": 0.1, "score": -48.67114752139939, "description": "Impact of ballpark dimensions and conditions on scoring"}, {"factor": "Batter vs. Pitcher Matchups", "weight": 0.15, "score": -48.697293562376515, "description": "Historical performance in specific batter-pitcher matchups"}, {"factor": "Defensive Metrics", "weight": 0.1, "score": -42.68996842486348, "description": "Team fielding efficiency and defensive positioning"}, {"factor": "Team Momentum", "weight": 0.05, "score": -56.83941687034135, "description": "Recent team performance and winning/losing streaks"}, {"factor": "Umpire Impact", "weight": 0.05, "score": -56.11695199006135, "description": "Umpire tendencies for strike zone and pace of play"}, {"factor": "Handedness Matchups", "weight": 0.05, "score": -40.93500083767768, "description": "Advantage based on pitcher/batter handedness combinations"}, {"factor": "Base Running", "weight": 0.05, "score": -41.57605434720914, "description": "Team speed, stolen base success, and extra-base aggressiveness"}, {"factor": "Travel & Schedule", "weight": 0.025, "score": -55.16447566498133, "description": "Impact of recent travel, rest days, and schedule density"}, {"factor": "Injury Impact", "weight": 0.025, "score": -50.298605980424696, "description": "Effect of injuries on lineup strength and bullpen depth"}, {"factor": "Weather Conditions", "weight": 0.025, "score": -53.93432602752846, "description": "Current weather effects on ball flight and player performance"}]}, "over_3_5_runs_first_three_innings": {"probability": 46.866, "recommendation": "Avoid", "factors": [{"factor": "Pitcher Performance", "weight": 0.25, "score": -5.6499999999999915, "description": "Home: Davis Martin (ERA: N/A), Away: JP Sears (ERA: 4.37)"}, {"factor": "Bullpen Performance", "weight": 0.15, "score": -55.454667129411575, "description": "Analysis of bullpen effectiveness and recent workload"}, {"factor": "Ballpark Factors", "weight": 0.1, "score": -56.329115547765085, "description": "Impact of ballpark dimensions and conditions on scoring"}, {"factor": "Batter vs. Pitcher Matchups", "weight": 0.15, "score": -58.18869861202827, "description": "Historical performance in specific batter-pitcher matchups"}, {"factor": "Defensive Metrics", "weight": 0.1, "score": -49.159685630926894, "description": "Team fielding efficiency and defensive positioning"}, {"factor": "Team Momentum", "weight": 0.05, "score": -44.658166857885746, "description": "Recent team performance and winning/losing streaks"}, {"factor": "Umpire Impact", "weight": 0.05, "score": -49.64495172398138, "description": "Umpire tendencies for strike zone and pace of play"}, {"factor": "Handedness Matchups", "weight": 0.05, "score": -47.209971578230395, "description": "Advantage based on pitcher/batter handedness combinations"}, {"factor": "Base Running", "weight": 0.05, "score": -58.59315307488026, "description": "Team speed, stolen base success, and extra-base aggressiveness"}, {"factor": "Travel & Schedule", "weight": 0.025, "score": -53.20959141432016, "description": "Impact of recent travel, rest days, and schedule density"}, {"factor": "Injury Impact", "weight": 0.025, "score": -54.216006417287396, "description": "Effect of injuries on lineup strength and bullpen depth"}, {"factor": "Weather Conditions", "weight": 0.025, "score": -43.331006849278026, "description": "Current weather effects on ball flight and player performance"}]}}, "stats_comparison": {"pitchers": {"home": {"name": "Davis Martin", "era": "N/A", "whip": 1.25, "strikeouts": 100, "innings_pitched": 100, "era_source": "not-found", "last_updated": "2025-04-16 22:21:09"}, "away": {"name": "JP Sears", "era": 4.37, "whip": 1.25, "strikeouts": 100, "innings_pitched": 100, "era_source": "MLB Stats API (Fallback)", "last_updated": "2025-04-16 22:21:09"}}, "teams": {"home": {"name": "Chicago White Sox", "runs_per_game": 5.020023148904979, "batting_average": 0.23023116134897892, "on_base_percentage": 0.304490500787247, "slugging_percentage": 0.4113384572546309, "home_record": "15-24", "last_10_games": "4-2"}, "away": {"name": "Athletics", "runs_per_game": 4.325005817995901, "batting_average": 0.24557936842721803, "on_base_percentage": 0.3264382487638989, "slugging_percentage": 0.40910157981653694, "away_record": "30-11", "last_10_games": "7-2"}}, "first_inning_stats": {"home": {"first_inning_runs": 0.664258189066188, "first_inning_batting_avg": 0.25287670347755103}, "away": {"first_inning_runs": 0.4891194525826991, "first_inning_batting_avg": 0.2653302318256543}}, "first_three_innings_stats": {"home": {"first_three_innings_runs": 2.2345669801379064, "first_three_innings_batting_avg": 0.2693308651137498}, "away": {"first_three_innings_runs": 1.4661003552397192, "first_three_innings_batting_avg": 0.23741412575053356}}}, "metadata": {"timestamp": "2025-04-16 22:21:10", "data_source": "MLB Stats API (Official)", "last_refresh": "2025-04-16 22:21:08"}}, {"game_id": "778279", "game_date": "2025-04-17", "game_time": "2025-04-17T20:05:00Z", "venue": "Citizens Bank Park", "home_team": "Philadelphia Phillies", "away_team": "San Francisco Giants", "home_pitcher": "Cristopher S\u00e1nchez", "away_pitcher": "Jordan Hicks", "home_pitcher_era": 3.44, "away_pitcher_era": 3.78, "predictions": {"under_1_run_first_inning": {"probability": 55.56, "recommendation": "Bet", "factors": [{"factor": "Pitcher Performance", "weight": 0.25, "score": 13.899999999999999, "description": "Home: Cristopher S\u00e1nchez (ERA: 3.44), Away: Jordan Hicks (ERA: 3.78)"}, {"factor": "Bullpen Performance", "weight": 0.15, "score": 52.06791411524046, "description": "Analysis of bullpen effectiveness and recent workload"}, {"factor": "Ballpark Factors", "weight": 0.1, "score": 59.60302036829529, "description": "Impact of ballpark dimensions and conditions on scoring"}, {"factor": "Batter vs. Pitcher Matchups", "weight": 0.15, "score": 46.90836543308399, "description": "Historical performance in specific batter-pitcher matchups"}, {"factor": "Defensive Metrics", "weight": 0.1, "score": 47.33235089853113, "description": "Team fielding efficiency and defensive positioning"}, {"factor": "Team Momentum", "weight": 0.05, "score": 43.61254242266392, "description": "Recent team performance and winning/losing streaks"}, {"factor": "Umpire Impact", "weight": 0.05, "score": 49.73341669760526, "description": "Umpire tendencies for strike zone and pace of play"}, {"factor": "Handedness Matchups", "weight": 0.05, "score": 53.41766917326883, "description": "Advantage based on pitcher/batter handedness combinations"}, {"factor": "Base Running", "weight": 0.05, "score": 58.14377310203443, "description": "Team speed, stolen base success, and extra-base aggressiveness"}, {"factor": "Travel & Schedule", "weight": 0.025, "score": 47.81534843725828, "description": "Impact of recent travel, rest days, and schedule density"}, {"factor": "Injury Impact", "weight": 0.025, "score": 57.888918609990164, "description": "Effect of injuries on lineup strength and bullpen depth"}, {"factor": "Weather Conditions", "weight": 0.025, "score": 43.721633564774166, "description": "Current weather effects on ball flight and player performance"}]}, "over_2_5_runs_first_three_innings": {"probability": 45.884, "recommendation": "Avoid", "factors": [{"factor": "Pitcher Performance", "weight": 0.25, "score": -13.899999999999999, "description": "Home: Cristopher S\u00e1nchez (ERA: 3.44), Away: Jordan Hicks (ERA: 3.78)"}, {"factor": "Bullpen Performance", "weight": 0.15, "score": -59.929022302905906, "description": "Analysis of bullpen effectiveness and recent workload"}, {"factor": "Ballpark Factors", "weight": 0.1, "score": -55.82964269838811, "description": "Impact of ballpark dimensions and conditions on scoring"}, {"factor": "Batter vs. Pitcher Matchups", "weight": 0.15, "score": -51.19047564110569, "description": "Historical performance in specific batter-pitcher matchups"}, {"factor": "Defensive Metrics", "weight": 0.1, "score": -59.007808498313906, "description": "Team fielding efficiency and defensive positioning"}, {"factor": "Team Momentum", "weight": 0.05, "score": -41.239261937566226, "description": "Recent team performance and winning/losing streaks"}, {"factor": "Umpire Impact", "weight": 0.05, "score": -46.84016977620877, "description": "Umpire tendencies for strike zone and pace of play"}, {"factor": "Handedness Matchups", "weight": 0.05, "score": -49.23204463141109, "description": "Advantage based on pitcher/batter handedness combinations"}, {"factor": "Base Running", "weight": 0.05, "score": -42.453522903738005, "description": "Team speed, stolen base success, and extra-base aggressiveness"}, {"factor": "Travel & Schedule", "weight": 0.025, "score": -51.78006336996247, "description": "Impact of recent travel, rest days, and schedule density"}, {"factor": "Injury Impact", "weight": 0.025, "score": -43.55829723958774, "description": "Effect of injuries on lineup strength and bullpen depth"}, {"factor": "Weather Conditions", "weight": 0.025, "score": -51.07885312750463, "description": "Current weather effects on ball flight and player performance"}]}, "over_3_5_runs_first_three_innings": {"probability": 42.996, "recommendation": "Avoid", "factors": [{"factor": "Pitcher Performance", "weight": 0.25, "score": -13.899999999999999, "description": "Home: Cristopher S\u00e1nchez (ERA: 3.44), Away: Jordan Hicks (ERA: 3.78)"}, {"factor": "Bullpen Performance", "weight": 0.15, "score": -48.154306605824075, "description": "Analysis of bullpen effectiveness and recent workload"}, {"factor": "Ballpark Factors", "weight": 0.1, "score": -57.53366795376285, "description": "Impact of ballpark dimensions and conditions on scoring"}, {"factor": "Batter vs. Pitcher Matchups", "weight": 0.15, "score": -58.73407072742647, "description": "Historical performance in specific batter-pitcher matchups"}, {"factor": "Defensive Metrics", "weight": 0.1, "score": -54.91103185901143, "description": "Team fielding efficiency and defensive positioning"}, {"factor": "Team Momentum", "weight": 0.05, "score": -52.8409589422923, "description": "Recent team performance and winning/losing streaks"}, {"factor": "Umpire Impact", "weight": 0.05, "score": -47.37145182645143, "description": "Umpire tendencies for strike zone and pace of play"}, {"factor": "Handedness Matchups", "weight": 0.05, "score": -47.00082484868172, "description": "Advantage based on pitcher/batter handedness combinations"}, {"factor": "Base Running", "weight": 0.05, "score": -46.400583530801754, "description": "Team speed, stolen base success, and extra-base aggressiveness"}, {"factor": "Travel & Schedule", "weight": 0.025, "score": -59.71537528212524, "description": "Impact of recent travel, rest days, and schedule density"}, {"factor": "Injury Impact", "weight": 0.025, "score": -40.80958694107188, "description": "Effect of injuries on lineup strength and bullpen depth"}, {"factor": "Weather Conditions", "weight": 0.025, "score": -55.243361098788185, "description": "Current weather effects on ball flight and player performance"}]}}, "stats_comparison": {"pitchers": {"home": {"name": "Cristopher S\u00e1nchez", "era": 3.44, "whip": 1.25, "strikeouts": 100, "innings_pitched": 100, "era_source": "MLB Stats API (Fallback)", "last_updated": "2025-04-16 22:21:09"}, "away": {"name": "Jordan Hicks", "era": 3.78, "whip": 1.25, "strikeouts": 100, "innings_pitched": 100, "era_source": "MLB Stats API (Fallback)", "last_updated": "2025-04-16 22:21:09"}}, "teams": {"home": {"name": "Philadelphia Phillies", "runs_per_game": 4.130806955507803, "batting_average": 0.23538683359086607, "on_base_percentage": 0.3020722249036984, "slugging_percentage": 0.4157272674067774, "home_record": "27-20", "last_10_games": "5-7"}, "away": {"name": "San Francisco Giants", "runs_per_game": 5.33223403851763, "batting_average": 0.24087764821444413, "on_base_percentage": 0.3060767044655316, "slugging_percentage": 0.4464429205971739, "away_record": "25-25", "last_10_games": "3-3"}}, "first_inning_stats": {"home": {"first_inning_runs": 0.4021027533993753, "first_inning_batting_avg": 0.23738298268917657}, "away": {"first_inning_runs": 0.5069804563229919, "first_inning_batting_avg": 0.23193083565060996}}, "first_three_innings_stats": {"home": {"first_three_innings_runs": 1.535238915042357, "first_three_innings_batting_avg": 0.2563176571764678}, "away": {"first_three_innings_runs": 1.9948091532766852, "first_three_innings_batting_avg": 0.26536559804585136}}}, "metadata": {"timestamp": "2025-04-16 22:21:10", "data_source": "MLB Stats API (Official)", "last_refresh": "2025-04-16 22:21:08"}}, {"game_id": "778292", "game_date": "2025-04-17", "game_time": "2025-04-17T22:35:00Z", "venue": "Oriole Park at Camden Yards", "home_team": "Baltimore Orioles", "away_team": "Cleveland Guardians", "home_pitcher": "Tomoyuki Sugano", "away_pitcher": "Tanner Bibee", "home_pitcher_era": "N/A", "away_pitcher_era": 3.91, "predictions": {"under_1_run_first_inning": {"probability": 52.18000000000001, "recommendation": "Lean", "factors": [{"factor": "Pitcher Performance", "weight": 0.25, "score": 7.950000000000003, "description": "Home: Tomoyuki Sugano (ERA: N/A), Away: Tanner Bibee (ERA: 3.91)"}, {"factor": "Bullpen Performance", "weight": 0.15, "score": 57.70921276197421, "description": "Analysis of bullpen effectiveness and recent workload"}, {"factor": "Ballpark Factors", "weight": 0.1, "score": 48.41473096558666, "description": "Impact of ballpark dimensions and conditions on scoring"}, {"factor": "Batter vs. Pitcher Matchups", "weight": 0.15, "score": 51.76827903640169, "description": "Historical performance in specific batter-pitcher matchups"}, {"factor": "Defensive Metrics", "weight": 0.1, "score": 53.713610119008536, "description": "Team fielding efficiency and defensive positioning"}, {"factor": "Team Momentum", "weight": 0.05, "score": 49.94228758578792, "description": "Recent team performance and winning/losing streaks"}, {"factor": "Umpire Impact", "weight": 0.05, "score": 41.80436520931782, "description": "Umpire tendencies for strike zone and pace of play"}, {"factor": "Handedness Matchups", "weight": 0.05, "score": 56.53337194408442, "description": "Advantage based on pitcher/batter handedness combinations"}, {"factor": "Base Running", "weight": 0.05, "score": 57.33034689049097, "description": "Team speed, stolen base success, and extra-base aggressiveness"}, {"factor": "Travel & Schedule", "weight": 0.025, "score": 56.156634646387005, "description": "Impact of recent travel, rest days, and schedule density"}, {"factor": "Injury Impact", "weight": 0.025, "score": 42.83151687802933, "description": "Effect of injuries on lineup strength and bullpen depth"}, {"factor": "Weather Conditions", "weight": 0.025, "score": 56.291817580900066, "description": "Current weather effects on ball flight and player performance"}]}, "over_2_5_runs_first_three_innings": {"probability": 49.602000000000004, "recommendation": "Avoid", "factors": [{"factor": "Pitcher Performance", "weight": 0.25, "score": -7.950000000000003, "description": "Home: Tomoyuki Sugano (ERA: N/A), Away: Tanner Bibee (ERA: 3.91)"}, {"factor": "Bullpen Performance", "weight": 0.15, "score": -47.15693320047886, "description": "Analysis of bullpen effectiveness and recent workload"}, {"factor": "Ballpark Factors", "weight": 0.1, "score": -49.51224519902193, "description": "Impact of ballpark dimensions and conditions on scoring"}, {"factor": "Batter vs. Pitcher Matchups", "weight": 0.15, "score": -40.00203225039479, "description": "Historical performance in specific batter-pitcher matchups"}, {"factor": "Defensive Metrics", "weight": 0.1, "score": -58.11501490289623, "description": "Team fielding efficiency and defensive positioning"}, {"factor": "Team Momentum", "weight": 0.05, "score": -57.27536506608698, "description": "Recent team performance and winning/losing streaks"}, {"factor": "Umpire Impact", "weight": 0.05, "score": -47.9072204389686, "description": "Umpire tendencies for strike zone and pace of play"}, {"factor": "Handedness Matchups", "weight": 0.05, "score": -52.7890913924199, "description": "Advantage based on pitcher/batter handedness combinations"}, {"factor": "Base Running", "weight": 0.05, "score": -47.25701373363316, "description": "Team speed, stolen base success, and extra-base aggressiveness"}, {"factor": "Travel & Schedule", "weight": 0.025, "score": -42.56542024367704, "description": "Impact of recent travel, rest days, and schedule density"}, {"factor": "Injury Impact", "weight": 0.025, "score": -56.45404367140095, "description": "Effect of injuries on lineup strength and bullpen depth"}, {"factor": "Weather Conditions", "weight": 0.025, "score": -52.27499869520319, "description": "Current weather effects on ball flight and player performance"}]}, "over_3_5_runs_first_three_innings": {"probability": 46.038, "recommendation": "Avoid", "factors": [{"factor": "Pitcher Performance", "weight": 0.25, "score": -7.950000000000003, "description": "Home: Tomoyuki Sugano (ERA: N/A), Away: Tanner Bibee (ERA: 3.91)"}, {"factor": "Bullpen Performance", "weight": 0.15, "score": -53.793029732539345, "description": "Analysis of bullpen effectiveness and recent workload"}, {"factor": "Ballpark Factors", "weight": 0.1, "score": -57.74603855054977, "description": "Impact of ballpark dimensions and conditions on scoring"}, {"factor": "Batter vs. Pitcher Matchups", "weight": 0.15, "score": -52.962503742260836, "description": "Historical performance in specific batter-pitcher matchups"}, {"factor": "Defensive Metrics", "weight": 0.1, "score": -49.19843845399582, "description": "Team fielding efficiency and defensive positioning"}, {"factor": "Team Momentum", "weight": 0.05, "score": -52.79362569062093, "description": "Recent team performance and winning/losing streaks"}, {"factor": "Umpire Impact", "weight": 0.05, "score": -49.60739358179071, "description": "Umpire tendencies for strike zone and pace of play"}, {"factor": "Handedness Matchups", "weight": 0.05, "score": -49.524248019158776, "description": "Advantage based on pitcher/batter handedness combinations"}, {"factor": "Base Running", "weight": 0.05, "score": -55.15449778834397, "description": "Team speed, stolen base success, and extra-base aggressiveness"}, {"factor": "Travel & Schedule", "weight": 0.025, "score": -47.573100723593946, "description": "Impact of recent travel, rest days, and schedule density"}, {"factor": "Injury Impact", "weight": 0.025, "score": -47.10406361238143, "description": "Effect of injuries on lineup strength and bullpen depth"}, {"factor": "Weather Conditions", "weight": 0.025, "score": -48.94870041687273, "description": "Current weather effects on ball flight and player performance"}]}}, "stats_comparison": {"pitchers": {"home": {"name": "Tomoyuki Sugano", "era": "N/A", "whip": 1.25, "strikeouts": 100, "innings_pitched": 100, "era_source": "not-found", "last_updated": "2025-04-16 22:21:09"}, "away": {"name": "Tanner Bibee", "era": 3.91, "whip": 1.25, "strikeouts": 100, "innings_pitched": 100, "era_source": "MLB Stats API (Fallback)", "last_updated": "2025-04-16 22:21:09"}}, "teams": {"home": {"name": "Baltimore Orioles", "runs_per_game": 4.918060292871815, "batting_average": 0.24457531389738635, "on_base_percentage": 0.3330457341663853, "slugging_percentage": 0.4488083162760086, "home_record": "24-17", "last_10_games": "8-2"}, "away": {"name": "Cleveland Guardians", "runs_per_game": 3.84683568620443, "batting_average": 0.2345449193258046, "on_base_percentage": 0.3420694295516398, "slugging_percentage": 0.42119109524881004, "away_record": "12-13", "last_10_games": "6-4"}}, "first_inning_stats": {"home": {"first_inning_runs": 0.463469137078075, "first_inning_batting_avg": 0.2315365015389463}, "away": {"first_inning_runs": 0.5825508127165036, "first_inning_batting_avg": 0.25425745532840033}}, "first_three_innings_stats": {"home": {"first_three_innings_runs": 1.3157352487892495, "first_three_innings_batting_avg": 0.23288939199537975}, "away": {"first_three_innings_runs": 1.2033664226660823, "first_three_innings_batting_avg": 0.24973614487037665}}}, "metadata": {"timestamp": "2025-04-16 22:21:10", "data_source": "MLB Stats API (Official)", "last_refresh": "2025-04-16 22:21:08"}}, {"game_id": "778286", "game_date": "2025-04-17", "game_time": "2025-04-17T22:40:00Z", "venue": "Comerica Park", "home_team": "Detroit Tigers", "away_team": "Kansas City Royals", "home_pitcher": "Reese Olson", "away_pitcher": "Michael Lorenzen", "home_pitcher_era": 3.92, "away_pitcher_era": "N/A", "predictions": {"under_1_run_first_inning": {"probability": 52.16, "recommendation": "Lean", "factors": [{"factor": "Pitcher Performance", "weight": 0.25, "score": 7.899999999999999, "description": "Home: Reese Olson (ERA: 3.92), Away: Michael Lorenzen (ERA: N/A)"}, {"factor": "Bullpen Performance", "weight": 0.15, "score": 42.156112242977684, "description": "Analysis of bullpen effectiveness and recent workload"}, {"factor": "Ballpark Factors", "weight": 0.1, "score": 53.76626533548508, "description": "Impact of ballpark dimensions and conditions on scoring"}, {"factor": "Batter vs. Pitcher Matchups", "weight": 0.15, "score": 47.62740512993005, "description": "Historical performance in specific batter-pitcher matchups"}, {"factor": "Defensive Metrics", "weight": 0.1, "score": 59.03025746993421, "description": "Team fielding efficiency and defensive positioning"}, {"factor": "Team Momentum", "weight": 0.05, "score": 51.56786772792783, "description": "Recent team performance and winning/losing streaks"}, {"factor": "Umpire Impact", "weight": 0.05, "score": 56.051713933936824, "description": "Umpire tendencies for strike zone and pace of play"}, {"factor": "Handedness Matchups", "weight": 0.05, "score": 53.123155878796304, "description": "Advantage based on pitcher/batter handedness combinations"}, {"factor": "Base Running", "weight": 0.05, "score": 48.76561180881636, "description": "Team speed, stolen base success, and extra-base aggressiveness"}, {"factor": "Travel & Schedule", "weight": 0.025, "score": 45.828611010871256, "description": "Impact of recent travel, rest days, and schedule density"}, {"factor": "Injury Impact", "weight": 0.025, "score": 47.115405666367096, "description": "Effect of injuries on lineup strength and bullpen depth"}, {"factor": "Weather Conditions", "weight": 0.025, "score": 59.68358842427071, "description": "Current weather effects on ball flight and player performance"}]}, "over_2_5_runs_first_three_innings": {"probability": 49.624, "recommendation": "Avoid", "factors": [{"factor": "Pitcher Performance", "weight": 0.25, "score": -7.899999999999999, "description": "Home: Reese Olson (ERA: 3.92), Away: Michael Lorenzen (ERA: N/A)"}, {"factor": "Bullpen Performance", "weight": 0.15, "score": -43.13905370182289, "description": "Analysis of bullpen effectiveness and recent workload"}, {"factor": "Ballpark Factors", "weight": 0.1, "score": -55.77967742423258, "description": "Impact of ballpark dimensions and conditions on scoring"}, {"factor": "Batter vs. Pitcher Matchups", "weight": 0.15, "score": -49.3947425614343, "description": "Historical performance in specific batter-pitcher matchups"}, {"factor": "Defensive Metrics", "weight": 0.1, "score": -48.01091533531301, "description": "Team fielding efficiency and defensive positioning"}, {"factor": "Team Momentum", "weight": 0.05, "score": -48.29367986886879, "description": "Recent team performance and winning/losing streaks"}, {"factor": "Umpire Impact", "weight": 0.05, "score": -49.22023001069647, "description": "Umpire tendencies for strike zone and pace of play"}, {"factor": "Handedness Matchups", "weight": 0.05, "score": -59.31085653037293, "description": "Advantage based on pitcher/batter handedness combinations"}, {"factor": "Base Running", "weight": 0.05, "score": -56.56790229448383, "description": "Team speed, stolen base success, and extra-base aggressiveness"}, {"factor": "Travel & Schedule", "weight": 0.025, "score": -46.92600069602424, "description": "Impact of recent travel, rest days, and schedule density"}, {"factor": "Injury Impact", "weight": 0.025, "score": -47.9671021768334, "description": "Effect of injuries on lineup strength and bullpen depth"}, {"factor": "Weather Conditions", "weight": 0.025, "score": -41.73184756739523, "description": "Current weather effects on ball flight and player performance"}]}, "over_3_5_runs_first_three_innings": {"probability": 46.056, "recommendation": "Avoid", "factors": [{"factor": "Pitcher Performance", "weight": 0.25, "score": -7.899999999999999, "description": "Home: Reese Olson (ERA: 3.92), Away: Michael Lorenzen (ERA: N/A)"}, {"factor": "Bullpen Performance", "weight": 0.15, "score": -52.13701477058173, "description": "Analysis of bullpen effectiveness and recent workload"}, {"factor": "Ballpark Factors", "weight": 0.1, "score": -51.21356153092981, "description": "Impact of ballpark dimensions and conditions on scoring"}, {"factor": "Batter vs. Pitcher Matchups", "weight": 0.15, "score": -53.837887984491104, "description": "Historical performance in specific batter-pitcher matchups"}, {"factor": "Defensive Metrics", "weight": 0.1, "score": -45.9520375393066, "description": "Team fielding efficiency and defensive positioning"}, {"factor": "Team Momentum", "weight": 0.05, "score": -43.15631983505141, "description": "Recent team performance and winning/losing streaks"}, {"factor": "Umpire Impact", "weight": 0.05, "score": -59.38547074569108, "description": "Umpire tendencies for strike zone and pace of play"}, {"factor": "Handedness Matchups", "weight": 0.05, "score": -45.140775594274906, "description": "Advantage based on pitcher/batter handedness combinations"}, {"factor": "Base Running", "weight": 0.05, "score": -45.4335092883304, "description": "Team speed, stolen base success, and extra-base aggressiveness"}, {"factor": "Travel & Schedule", "weight": 0.025, "score": -46.75207081425039, "description": "Impact of recent travel, rest days, and schedule density"}, {"factor": "Injury Impact", "weight": 0.025, "score": -40.39038771483759, "description": "Effect of injuries on lineup strength and bullpen depth"}, {"factor": "Weather Conditions", "weight": 0.025, "score": -49.17913792305013, "description": "Current weather effects on ball flight and player performance"}]}}, "stats_comparison": {"pitchers": {"home": {"name": "Reese Olson", "era": 3.92, "whip": 1.25, "strikeouts": 100, "innings_pitched": 100, "era_source": "MLB Stats API (Fallback)", "last_updated": "2025-04-16 22:21:09"}, "away": {"name": "Michael Lorenzen", "era": "N/A", "whip": 1.25, "strikeouts": 100, "innings_pitched": 100, "era_source": "not-found", "last_updated": "2025-04-16 22:21:09"}}, "teams": {"home": {"name": "Detroit Tigers", "runs_per_game": 3.5001395268793662, "batting_average": 0.25495194137340216, "on_base_percentage": 0.33674635120927243, "slugging_percentage": 0.4267808984437253, "home_record": "13-14", "last_10_games": "8-7"}, "away": {"name": "Kansas City Royals", "runs_per_game": 5.150248081497709, "batting_average": 0.23301076208061688, "on_base_percentage": 0.31397144535752375, "slugging_percentage": 0.42760034188148, "away_record": "16-20", "last_10_games": "5-4"}}, "first_inning_stats": {"home": {"first_inning_runs": 0.5339432658377148, "first_inning_batting_avg": 0.24111780318429418}, "away": {"first_inning_runs": 0.7167408862454948, "first_inning_batting_avg": 0.24122195464641122}}, "first_three_innings_stats": {"home": {"first_three_innings_runs": 2.011426261944445, "first_three_innings_batting_avg": 0.25917837746288375}, "away": {"first_three_innings_runs": 1.2073584367190318, "first_three_innings_batting_avg": 0.24946208263570996}}}, "metadata": {"timestamp": "2025-04-16 22:21:10", "data_source": "MLB Stats API (Official)", "last_refresh": "2025-04-16 22:21:08"}}, {"game_id": "778282", "game_date": "2025-04-17", "game_time": "2025-04-17T23:05:00Z", "venue": "George M. Steinbrenner Field", "home_team": "Tampa Bay Rays", "away_team": "New York Yankees", "home_pitcher": "Taj Bradley", "away_pitcher": "Will Warren", "home_pitcher_era": 4.19, "away_pitcher_era": "N/A", "predictions": {"under_1_run_first_inning": {"probability": 51.620000000000005, "recommendation": "Lean", "factors": [{"factor": "Pitcher Performance", "weight": 0.25, "score": 6.549999999999997, "description": "Home: Taj Bradley (ERA: 4.19), Away: Will Warren (ERA: N/A)"}, {"factor": "Bullpen Performance", "weight": 0.15, "score": 50.200298278896014, "description": "Analysis of bullpen effectiveness and recent workload"}, {"factor": "Ballpark Factors", "weight": 0.1, "score": 58.89308648797558, "description": "Impact of ballpark dimensions and conditions on scoring"}, {"factor": "Batter vs. Pitcher Matchups", "weight": 0.15, "score": 50.247149768065, "description": "Historical performance in specific batter-pitcher matchups"}, {"factor": "Defensive Metrics", "weight": 0.1, "score": 48.096845593002215, "description": "Team fielding efficiency and defensive positioning"}, {"factor": "Team Momentum", "weight": 0.05, "score": 42.878371538023984, "description": "Recent team performance and winning/losing streaks"}, {"factor": "Umpire Impact", "weight": 0.05, "score": 46.35858832796422, "description": "Umpire tendencies for strike zone and pace of play"}, {"factor": "Handedness Matchups", "weight": 0.05, "score": 41.13581769925644, "description": "Advantage based on pitcher/batter handedness combinations"}, {"factor": "Base Running", "weight": 0.05, "score": 59.2694593138325, "description": "Team speed, stolen base success, and extra-base aggressiveness"}, {"factor": "Travel & Schedule", "weight": 0.025, "score": 58.412863960214025, "description": "Impact of recent travel, rest days, and schedule density"}, {"factor": "Injury Impact", "weight": 0.025, "score": 53.2572294599759, "description": "Effect of injuries on lineup strength and bullpen depth"}, {"factor": "Weather Conditions", "weight": 0.025, "score": 57.85472798544234, "description": "Current weather effects on ball flight and player performance"}]}, "over_2_5_runs_first_three_innings": {"probability": 50.218, "recommendation": "Lean", "factors": [{"factor": "Pitcher Performance", "weight": 0.25, "score": -6.549999999999997, "description": "Home: Taj Bradley (ERA: 4.19), Away: Will Warren (ERA: N/A)"}, {"factor": "Bullpen Performance", "weight": 0.15, "score": -40.2813875664966, "description": "Analysis of bullpen effectiveness and recent workload"}, {"factor": "Ballpark Factors", "weight": 0.1, "score": -44.643718636366074, "description": "Impact of ballpark dimensions and conditions on scoring"}, {"factor": "Batter vs. Pitcher Matchups", "weight": 0.15, "score": -54.813062350603104, "description": "Historical performance in specific batter-pitcher matchups"}, {"factor": "Defensive Metrics", "weight": 0.1, "score": -56.638201486753815, "description": "Team fielding efficiency and defensive positioning"}, {"factor": "Team Momentum", "weight": 0.05, "score": -47.091940396547145, "description": "Recent team performance and winning/losing streaks"}, {"factor": "Umpire Impact", "weight": 0.05, "score": -54.181546988075326, "description": "Umpire tendencies for strike zone and pace of play"}, {"factor": "Handedness Matchups", "weight": 0.05, "score": -43.78609483743589, "description": "Advantage based on pitcher/batter handedness combinations"}, {"factor": "Base Running", "weight": 0.05, "score": -58.77569583524055, "description": "Team speed, stolen base success, and extra-base aggressiveness"}, {"factor": "Travel & Schedule", "weight": 0.025, "score": -48.19366801115744, "description": "Impact of recent travel, rest days, and schedule density"}, {"factor": "Injury Impact", "weight": 0.025, "score": -43.95479794215563, "description": "Effect of injuries on lineup strength and bullpen depth"}, {"factor": "Weather Conditions", "weight": 0.025, "score": -44.3573699570153, "description": "Current weather effects on ball flight and player performance"}]}, "over_3_5_runs_first_three_innings": {"probability": 46.542, "recommendation": "Avoid", "factors": [{"factor": "Pitcher Performance", "weight": 0.25, "score": -6.549999999999997, "description": "Home: Taj Bradley (ERA: 4.19), Away: Will Warren (ERA: N/A)"}, {"factor": "Bullpen Performance", "weight": 0.15, "score": -58.782838957868435, "description": "Analysis of bullpen effectiveness and recent workload"}, {"factor": "Ballpark Factors", "weight": 0.1, "score": -41.77544565450453, "description": "Impact of ballpark dimensions and conditions on scoring"}, {"factor": "Batter vs. Pitcher Matchups", "weight": 0.15, "score": -58.7947369947463, "description": "Historical performance in specific batter-pitcher matchups"}, {"factor": "Defensive Metrics", "weight": 0.1, "score": -40.86486128229689, "description": "Team fielding efficiency and defensive positioning"}, {"factor": "Team Momentum", "weight": 0.05, "score": -57.30048478862464, "description": "Recent team performance and winning/losing streaks"}, {"factor": "Umpire Impact", "weight": 0.05, "score": -45.280793038194965, "description": "Umpire tendencies for strike zone and pace of play"}, {"factor": "Handedness Matchups", "weight": 0.05, "score": -50.50984764134997, "description": "Advantage based on pitcher/batter handedness combinations"}, {"factor": "Base Running", "weight": 0.05, "score": -40.9438317509987, "description": "Team speed, stolen base success, and extra-base aggressiveness"}, {"factor": "Travel & Schedule", "weight": 0.025, "score": -48.498564898337285, "description": "Impact of recent travel, rest days, and schedule density"}, {"factor": "Injury Impact", "weight": 0.025, "score": -47.69253911021289, "description": "Effect of injuries on lineup strength and bullpen depth"}, {"factor": "Weather Conditions", "weight": 0.025, "score": -52.112405987110265, "description": "Current weather effects on ball flight and player performance"}]}}, "stats_comparison": {"pitchers": {"home": {"name": "Taj Bradley", "era": 4.19, "whip": 1.25, "strikeouts": 100, "innings_pitched": 100, "era_source": "MLB Stats API (Fallback)", "last_updated": "2025-04-16 22:21:10"}, "away": {"name": "Will Warren", "era": "N/A", "whip": 1.25, "strikeouts": 100, "innings_pitched": 100, "era_source": "not-found", "last_updated": "2025-04-16 22:21:10"}}, "teams": {"home": {"name": "Tampa Bay Rays", "runs_per_game": 3.777997458314893, "batting_average": 0.25693761210641575, "on_base_percentage": 0.3314136333290078, "slugging_percentage": 0.40332571492070174, "home_record": "19-18", "last_10_games": "4-4"}, "away": {"name": "New York Yankees", "runs_per_game": 3.92013811070904, "batting_average": 0.23574542623298772, "on_base_percentage": 0.31709570455221925, "slugging_percentage": 0.43434521284460825, "away_record": "10-24", "last_10_games": "4-3"}}, "first_inning_stats": {"home": {"first_inning_runs": 0.6020119870561205, "first_inning_batting_avg": 0.23101606128580263}, "away": {"first_inning_runs": 0.7727850309447762, "first_inning_batting_avg": 0.2616807702643631}}, "first_three_innings_stats": {"home": {"first_three_innings_runs": 1.9018152493880702, "first_three_innings_batting_avg": 0.2626994221040201}, "away": {"first_three_innings_runs": 1.6892382642156452, "first_three_innings_batting_avg": 0.2571128978289743}}}, "metadata": {"timestamp": "2025-04-16 22:21:10", "data_source": "MLB Stats API (Official)", "last_refresh": "2025-04-16 22:21:08"}}, {"game_id": "778278", "game_date": "2025-04-17", "game_time": "2025-04-17T23:10:00Z", "venue": "Citi Field", "home_team": "New York Mets", "away_team": "St. Louis Cardinals", "home_pitcher": "Griffin Canning", "away_pitcher": "Andre Pallante", "home_pitcher_era": 4.75, "away_pitcher_era": "N/A", "predictions": {"under_1_run_first_inning": {"probability": 50.5, "recommendation": "Lean", "factors": [{"factor": "Pitcher Performance", "weight": 0.25, "score": 3.75, "description": "Home: Griffin Canning (ERA: 4.75), Away: Andre Pallante (ERA: N/A)"}, {"factor": "Bullpen Performance", "weight": 0.15, "score": 47.55998942650615, "description": "Analysis of bullpen effectiveness and recent workload"}, {"factor": "Ballpark Factors", "weight": 0.1, "score": 55.009160242992635, "description": "Impact of ballpark dimensions and conditions on scoring"}, {"factor": "Batter vs. Pitcher Matchups", "weight": 0.15, "score": 56.95014292952237, "description": "Historical performance in specific batter-pitcher matchups"}, {"factor": "Defensive Metrics", "weight": 0.1, "score": 40.87674557095231, "description": "Team fielding efficiency and defensive positioning"}, {"factor": "Team Momentum", "weight": 0.05, "score": 58.08794175275444, "description": "Recent team performance and winning/losing streaks"}, {"factor": "Umpire Impact", "weight": 0.05, "score": 43.78768908680405, "description": "Umpire tendencies for strike zone and pace of play"}, {"factor": "Handedness Matchups", "weight": 0.05, "score": 55.82688653069165, "description": "Advantage based on pitcher/batter handedness combinations"}, {"factor": "Base Running", "weight": 0.05, "score": 42.79335590232167, "description": "Team speed, stolen base success, and extra-base aggressiveness"}, {"factor": "Travel & Schedule", "weight": 0.025, "score": 54.88516917076715, "description": "Impact of recent travel, rest days, and schedule density"}, {"factor": "Injury Impact", "weight": 0.025, "score": 57.97711030921097, "description": "Effect of injuries on lineup strength and bullpen depth"}, {"factor": "Weather Conditions", "weight": 0.025, "score": 50.524991223601184, "description": "Current weather effects on ball flight and player performance"}]}, "over_2_5_runs_first_three_innings": {"probability": 51.45, "recommendation": "Lean", "factors": [{"factor": "Pitcher Performance", "weight": 0.25, "score": -3.75, "description": "Home: Griffin Canning (ERA: 4.75), Away: Andre Pallante (ERA: N/A)"}, {"factor": "Bullpen Performance", "weight": 0.15, "score": -57.06681198784047, "description": "Analysis of bullpen effectiveness and recent workload"}, {"factor": "Ballpark Factors", "weight": 0.1, "score": -53.13826446055856, "description": "Impact of ballpark dimensions and conditions on scoring"}, {"factor": "Batter vs. Pitcher Matchups", "weight": 0.15, "score": -46.07928070623681, "description": "Historical performance in specific batter-pitcher matchups"}, {"factor": "Defensive Metrics", "weight": 0.1, "score": -48.80446875853489, "description": "Team fielding efficiency and defensive positioning"}, {"factor": "Team Momentum", "weight": 0.05, "score": -59.677236529808894, "description": "Recent team performance and winning/losing streaks"}, {"factor": "Umpire Impact", "weight": 0.05, "score": -43.50021822439648, "description": "Umpire tendencies for strike zone and pace of play"}, {"factor": "Handedness Matchups", "weight": 0.05, "score": -50.7864427496029, "description": "Advantage based on pitcher/batter handedness combinations"}, {"factor": "Base Running", "weight": 0.05, "score": -48.94741138226002, "description": "Team speed, stolen base success, and extra-base aggressiveness"}, {"factor": "Travel & Schedule", "weight": 0.025, "score": -50.358232283380545, "description": "Impact of recent travel, rest days, and schedule density"}, {"factor": "Injury Impact", "weight": 0.025, "score": -53.75264642481932, "description": "Effect of injuries on lineup strength and bullpen depth"}, {"factor": "Weather Conditions", "weight": 0.025, "score": -48.40353165368529, "description": "Current weather effects on ball flight and player performance"}]}, "over_3_5_runs_first_three_innings": {"probability": 47.55, "recommendation": "Avoid", "factors": [{"factor": "Pitcher Performance", "weight": 0.25, "score": -3.75, "description": "Home: Griffin Canning (ERA: 4.75), Away: Andre Pallante (ERA: N/A)"}, {"factor": "Bullpen Performance", "weight": 0.15, "score": -57.470907661244496, "description": "Analysis of bullpen effectiveness and recent workload"}, {"factor": "Ballpark Factors", "weight": 0.1, "score": -40.593623074259526, "description": "Impact of ballpark dimensions and conditions on scoring"}, {"factor": "Batter vs. Pitcher Matchups", "weight": 0.15, "score": -57.25295452773557, "description": "Historical performance in specific batter-pitcher matchups"}, {"factor": "Defensive Metrics", "weight": 0.1, "score": -46.48272631515982, "description": "Team fielding efficiency and defensive positioning"}, {"factor": "Team Momentum", "weight": 0.05, "score": -41.74125838173217, "description": "Recent team performance and winning/losing streaks"}, {"factor": "Umpire Impact", "weight": 0.05, "score": -48.775373827307725, "description": "Umpire tendencies for strike zone and pace of play"}, {"factor": "Handedness Matchups", "weight": 0.05, "score": -45.2476147509571, "description": "Advantage based on pitcher/batter handedness combinations"}, {"factor": "Base Running", "weight": 0.05, "score": -47.78249653456291, "description": "Team speed, stolen base success, and extra-base aggressiveness"}, {"factor": "Travel & Schedule", "weight": 0.025, "score": -46.356462678439584, "description": "Impact of recent travel, rest days, and schedule density"}, {"factor": "Injury Impact", "weight": 0.025, "score": -57.104763508153624, "description": "Effect of injuries on lineup strength and bullpen depth"}, {"factor": "Weather Conditions", "weight": 0.025, "score": -48.06649037666009, "description": "Current weather effects on ball flight and player performance"}]}}, "stats_comparison": {"pitchers": {"home": {"name": "Griffin Canning", "era": 4.75, "whip": 1.25, "strikeouts": 100, "innings_pitched": 100, "era_source": "MLB Stats API (Fallback)", "last_updated": "2025-04-16 22:21:10"}, "away": {"name": "Andre Pallante", "era": "N/A", "whip": 1.25, "strikeouts": 100, "innings_pitched": 100, "era_source": "not-found", "last_updated": "2025-04-16 22:21:10"}}, "teams": {"home": {"name": "New York Mets", "runs_per_game": 4.381483080230881, "batting_average": 0.2682320035434539, "on_base_percentage": 0.30787003206127284, "slugging_percentage": 0.38089135080975967, "home_record": "18-28", "last_10_games": "5-2"}, "away": {"name": "St. Louis Cardinals", "runs_per_game": 3.835259179578528, "batting_average": 0.23117711599129337, "on_base_percentage": 0.3334638110070789, "slugging_percentage": 0.4279753553925929, "away_record": "14-12", "last_10_games": "8-3"}}, "first_inning_stats": {"home": {"first_inning_runs": 0.6324064491181275, "first_inning_batting_avg": 0.25212092087724014}, "away": {"first_inning_runs": 0.7809733695202946, "first_inning_batting_avg": 0.2409047729839312}}, "first_three_innings_stats": {"home": {"first_three_innings_runs": 2.3669187672336456, "first_three_innings_batting_avg": 0.2643794721316026}, "away": {"first_three_innings_runs": 2.061389901141992, "first_three_innings_batting_avg": 0.2646975058778901}}}, "metadata": {"timestamp": "2025-04-16 22:21:10", "data_source": "MLB Stats API (Official)", "last_refresh": "2025-04-16 22:21:08"}}, {"game_id": "778281", "game_date": "2025-04-17", "game_time": "2025-04-18T00:05:00Z", "venue": "Globe Life Field", "home_team": "Texas Rangers", "away_team": "Los Angeles Angels", "home_pitcher": "Kumar Rocker", "away_pitcher": "Jack Kochanowicz", "home_pitcher_era": "N/A", "away_pitcher_era": "N/A", "predictions": {"under_1_run_first_inning": {"probability": 50.0, "recommendation": "Lean", "factors": [{"factor": "Pitcher Performance", "weight": 0.25, "score": 5.0, "description": "Home: Kumar Rocker (ERA: N/A), Away: Jack Kochanowicz (ERA: N/A)"}, {"factor": "Bullpen Performance", "weight": 0.15, "score": 53.582358538944774, "description": "Analysis of bullpen effectiveness and recent workload"}, {"factor": "Ballpark Factors", "weight": 0.1, "score": 46.45798493357201, "description": "Impact of ballpark dimensions and conditions on scoring"}, {"factor": "Batter vs. Pitcher Matchups", "weight": 0.15, "score": 46.681833703775496, "description": "Historical performance in specific batter-pitcher matchups"}, {"factor": "Defensive Metrics", "weight": 0.1, "score": 56.064356030074805, "description": "Team fielding efficiency and defensive positioning"}, {"factor": "Team Momentum", "weight": 0.05, "score": 41.483652968808165, "description": "Recent team performance and winning/losing streaks"}, {"factor": "Umpire Impact", "weight": 0.05, "score": 46.74838131876476, "description": "Umpire tendencies for strike zone and pace of play"}, {"factor": "Handedness Matchups", "weight": 0.05, "score": 42.25736058406305, "description": "Advantage based on pitcher/batter handedness combinations"}, {"factor": "Base Running", "weight": 0.05, "score": 59.11994279443647, "description": "Team speed, stolen base success, and extra-base aggressiveness"}, {"factor": "Travel & Schedule", "weight": 0.025, "score": 51.55046742747068, "description": "Impact of recent travel, rest days, and schedule density"}, {"factor": "Injury Impact", "weight": 0.025, "score": 42.38328257275238, "description": "Effect of injuries on lineup strength and bullpen depth"}, {"factor": "Weather Conditions", "weight": 0.025, "score": 50.42802081185971, "description": "Current weather effects on ball flight and player performance"}]}, "over_2_5_runs_first_three_innings": {"probability": 52.0, "recommendation": "Lean", "factors": [{"factor": "Pitcher Performance", "weight": 0.25, "score": -5.0, "description": "Home: Kumar Rocker (ERA: N/A), Away: Jack Kochanowicz (ERA: N/A)"}, {"factor": "Bullpen Performance", "weight": 0.15, "score": -44.16088472182712, "description": "Analysis of bullpen effectiveness and recent workload"}, {"factor": "Ballpark Factors", "weight": 0.1, "score": -50.59587386685299, "description": "Impact of ballpark dimensions and conditions on scoring"}, {"factor": "Batter vs. Pitcher Matchups", "weight": 0.15, "score": -48.76810608155229, "description": "Historical performance in specific batter-pitcher matchups"}, {"factor": "Defensive Metrics", "weight": 0.1, "score": -59.34473104692796, "description": "Team fielding efficiency and defensive positioning"}, {"factor": "Team Momentum", "weight": 0.05, "score": -54.79061417697632, "description": "Recent team performance and winning/losing streaks"}, {"factor": "Umpire Impact", "weight": 0.05, "score": -47.90729196510771, "description": "Umpire tendencies for strike zone and pace of play"}, {"factor": "Handedness Matchups", "weight": 0.05, "score": -40.14881830178341, "description": "Advantage based on pitcher/batter handedness combinations"}, {"factor": "Base Running", "weight": 0.05, "score": -44.7639044871164, "description": "Team speed, stolen base success, and extra-base aggressiveness"}, {"factor": "Travel & Schedule", "weight": 0.025, "score": -59.12816893404741, "description": "Impact of recent travel, rest days, and schedule density"}, {"factor": "Injury Impact", "weight": 0.025, "score": -55.608076914137385, "description": "Effect of injuries on lineup strength and bullpen depth"}, {"factor": "Weather Conditions", "weight": 0.025, "score": -50.85348457620934, "description": "Current weather effects on ball flight and player performance"}]}, "over_3_5_runs_first_three_innings": {"probability": 48.0, "recommendation": "Avoid", "factors": [{"factor": "Pitcher Performance", "weight": 0.25, "score": -5.0, "description": "Home: Kumar Rocker (ERA: N/A), Away: Jack Kochanowicz (ERA: N/A)"}, {"factor": "Bullpen Performance", "weight": 0.15, "score": -49.061945534911096, "description": "Analysis of bullpen effectiveness and recent workload"}, {"factor": "Ballpark Factors", "weight": 0.1, "score": -50.51492183461502, "description": "Impact of ballpark dimensions and conditions on scoring"}, {"factor": "Batter vs. Pitcher Matchups", "weight": 0.15, "score": -40.6396885829608, "description": "Historical performance in specific batter-pitcher matchups"}, {"factor": "Defensive Metrics", "weight": 0.1, "score": -43.077436416118935, "description": "Team fielding efficiency and defensive positioning"}, {"factor": "Team Momentum", "weight": 0.05, "score": -47.74989577422969, "description": "Recent team performance and winning/losing streaks"}, {"factor": "Umpire Impact", "weight": 0.05, "score": -48.909118705222085, "description": "Umpire tendencies for strike zone and pace of play"}, {"factor": "Handedness Matchups", "weight": 0.05, "score": -46.88912563155692, "description": "Advantage based on pitcher/batter handedness combinations"}, {"factor": "Base Running", "weight": 0.05, "score": -54.342158877131126, "description": "Team speed, stolen base success, and extra-base aggressiveness"}, {"factor": "Travel & Schedule", "weight": 0.025, "score": -41.98807386465424, "description": "Impact of recent travel, rest days, and schedule density"}, {"factor": "Injury Impact", "weight": 0.025, "score": -54.77984837181447, "description": "Effect of injuries on lineup strength and bullpen depth"}, {"factor": "Weather Conditions", "weight": 0.025, "score": -56.67213515614864, "description": "Current weather effects on ball flight and player performance"}]}}, "stats_comparison": {"pitchers": {"home": {"name": "Kumar Rocker", "era": "N/A", "whip": 1.25, "strikeouts": 100, "innings_pitched": 100, "era_source": "not-found", "last_updated": "2025-04-16 22:21:10"}, "away": {"name": "Jack Kochanowicz", "era": "N/A", "whip": 1.25, "strikeouts": 100, "innings_pitched": 100, "era_source": "not-found", "last_updated": "2025-04-16 22:21:10"}}, "teams": {"home": {"name": "Texas Rangers", "runs_per_game": 3.5294458747665107, "batting_average": 0.23860574443409632, "on_base_percentage": 0.30102259634653417, "slugging_percentage": 0.420297394104508, "home_record": "10-16", "last_10_games": "6-6"}, "away": {"name": "Los Angeles Angels", "runs_per_game": 5.022996838841055, "batting_average": 0.2364196811396587, "on_base_percentage": 0.32956088486100504, "slugging_percentage": 0.3874610883835962, "away_record": "13-22", "last_10_games": "7-2"}}, "first_inning_stats": {"home": {"first_inning_runs": 0.49011235049911184, "first_inning_batting_avg": 0.24064706692354107}, "away": {"first_inning_runs": 0.7731466159735264, "first_inning_batting_avg": 0.2552056600681953}}, "first_three_innings_stats": {"home": {"first_three_innings_runs": 2.1917476420140165, "first_three_innings_batting_avg": 0.2697542425962825}, "away": {"first_three_innings_runs": 1.759857155281506, "first_three_innings_batting_avg": 0.23415976811498257}}}, "metadata": {"timestamp": "2025-04-16 22:21:10", "data_source": "MLB Stats API (Official)", "last_refresh": "2025-04-16 22:21:08"}}], "metadata": {"timestamp": "2025-04-16 22:21:10", "data_source": "MLB Stats API (Official)", "game_count": 10, "date": "2025-04-17", "last_refresh": "2025-04-16 22:21:08"}}