{"data": [{"name": "Matthew Boyd16", "position": "SP", "link": "https://www.espn.com/mlb/player/_/id/34401", "id": "34401"}, {"name": "Ben Brown32", "position": "SP", "link": "https://www.espn.com/mlb/player/_/id/41516", "id": "41516"}, {"name": "Porter Hodge37", "position": "RP", "link": "https://www.espn.com/mlb/player/_/id/5185133", "id": "5185133"}, {"name": "Shota Imanaga18", "position": "SP", "link": "https://www.espn.com/mlb/player/_/id/5134630", "id": "5134630"}, {"name": "Brad Keller40", "position": "RP", "link": "https://www.espn.com/mlb/player/_/id/35292", "id": "35292"}, {"name": "Luke Little43", "position": "RP", "link": "https://www.espn.com/mlb/player/_/id/4683355", "id": "4683355"}, {"name": "Julian Merryweather66", "position": "RP", "link": "https://www.espn.com/mlb/player/_/id/39816", "id": "39816"}, {"name": "Daniel Palencia48", "position": "RP", "link": "https://www.espn.com/mlb/player/_/id/4875225", "id": "4875225"}, {"name": "Ryan Pressly55", "position": "RP", "link": "https://www.espn.com/mlb/player/_/id/33072", "id": "33072"}, {"name": "Colin Rea53", "position": "RP", "link": "https://www.espn.com/mlb/player/_/id/33950", "id": "33950"}, {"name": "Ethan Roberts39", "position": "RP", "link": "https://www.espn.com/mlb/player/_/id/3963340", "id": "3963340"}, {"name": "Jameson Taillon50", "position": "SP", "link": "https://www.espn.com/mlb/player/_/id/31258", "id": "31258"}, {"name": "Caleb Thielbar24", "position": "RP", "link": "https://www.espn.com/mlb/player/_/id/32440", "id": "32440"}, {"name": "Miguel Amaya9", "position": "C", "link": "https://www.espn.com/mlb/player/_/id/38905", "id": "38905"}, {"name": "Carson Kelly15", "position": "C", "link": "https://www.espn.com/mlb/player/_/id/32797", "id": "32797"}, {"name": "Jon Berti5", "position": "3B", "link": "https://www.espn.com/mlb/player/_/id/32273", "id": "32273"}, {"name": "Vidal Brujan17", "position": "SS", "link": "https://www.espn.com/mlb/player/_/id/40462", "id": "40462"}, {"name": "Michael Busch29", "position": "1B", "link": "https://www.espn.com/mlb/player/_/id/42415", "id": "42415"}, {"name": "Nico Hoerner2", "position": "2B", "link": "https://www.espn.com/mlb/player/_/id/41219", "id": "41219"}, {"name": "Dansby Swanson7", "position": "SS", "link": "https://www.espn.com/mlb/player/_/id/34895", "id": "34895"}, {"name": "Justin Turner3", "position": "1B", "link": "https://www.espn.com/mlb/player/_/id/29607", "id": "29607"}, {"name": "Gage Workman25", "position": "3B", "link": "https://www.espn.com/mlb/player/_/id/4424290", "id": "4424290"}, {"name": "Pete Crow-Armstrong4", "position": "CF", "link": "https://www.espn.com/mlb/player/_/id/4717833", "id": "4717833"}, {"name": "Ian Happ8", "position": "LF", "link": "https://www.espn.com/mlb/player/_/id/34945", "id": "34945"}, {"name": "Seiya Suzuki27", "position": "RF", "link": "https://www.espn.com/mlb/player/_/id/4142424", "id": "4142424"}, {"name": "Kyle Tucker30", "position": "RF", "link": "https://www.espn.com/mlb/player/_/id/34967", "id": "34967"}], "cache_time": 1744837592.061783}