{"data": [{"name": "Logan Allen26", "position": "SP", "link": "https://www.espn.com/mlb/player/_/id/4683350", "id": "4683350"}, {"name": "Tanner Bibee28", "position": "SP", "link": "https://www.espn.com/mlb/player/_/id/4345278", "id": "4345278"}, {"name": "Joey Cantillo54", "position": "RP", "link": "https://www.espn.com/mlb/player/_/id/42488", "id": "42488"}, {"name": "Emmanuel Clase48", "position": "RP", "link": "https://www.espn.com/mlb/player/_/id/41743", "id": "41743"}, {"name": "Hunter Gaddis33", "position": "RP", "link": "https://www.espn.com/mlb/player/_/id/4187661", "id": "4187661"}, {"name": "Tim Herrin29", "position": "RP", "link": "https://www.espn.com/mlb/player/_/id/4228579", "id": "4228579"}, {"name": "Jakob Junis16", "position": "RP", "link": "https://www.espn.com/mlb/player/_/id/36056", "id": "36056"}, {"name": "Ben Lively39", "position": "SP", "link": "https://www.espn.com/mlb/player/_/id/33194", "id": "33194"}, {"name": "Triston McKenzie24", "position": "RP", "link": "https://www.espn.com/mlb/player/_/id/34954", "id": "34954"}, {"name": "Luis Ortiz45", "position": "SP", "link": "https://www.espn.com/mlb/player/_/id/5101355", "id": "5101355"}, {"name": "Paul Sewald34", "position": "RP", "link": "https://www.espn.com/mlb/player/_/id/35009", "id": "35009"}, {"name": "Cade Smith36", "position": "RP", "link": "https://www.espn.com/mlb/player/_/id/4987924", "id": "4987924"}, {"name": "Gavin Williams32", "position": "SP", "link": "https://www.espn.com/mlb/player/_/id/4345076", "id": "4345076"}, {"name": "Austin Hedges27", "position": "C", "link": "https://www.espn.com/mlb/player/_/id/32168", "id": "32168"}, {"name": "Bo Naylor23", "position": "C", "link": "https://www.espn.com/mlb/player/_/id/41183", "id": "41183"}, {"name": "Gabriel Arias13", "position": "3B", "link": "https://www.espn.com/mlb/player/_/id/40344", "id": "40344"}, {"name": "Kyle Manzardo9", "position": "1B", "link": "https://www.espn.com/mlb/player/_/id/4917927", "id": "4917927"}, {"name": "Jose Ramirez11", "position": "3B", "link": "https://www.espn.com/mlb/player/_/id/32801", "id": "32801"}, {"name": "Brayan Rocchio4", "position": "SS", "link": "https://www.espn.com/mlb/player/_/id/41217", "id": "41217"}, {"name": "Carlos Santana41", "position": "1B", "link": "https://www.espn.com/mlb/player/_/id/30280", "id": "30280"}, {"name": "Daniel Schneemann10", "position": "SS", "link": "https://www.espn.com/mlb/player/_/id/42001", "id": "42001"}, {"name": "Nolan Jones22", "position": "LF", "link": "https://www.espn.com/mlb/player/_/id/37340", "id": "37340"}, {"name": "Steven Kwan38", "position": "LF", "link": "https://www.espn.com/mlb/player/_/id/41996", "id": "41996"}, {"name": "Angel Martinez1", "position": "CF", "link": "https://www.espn.com/mlb/player/_/id/42497", "id": "42497"}, {"name": "Jhonkensy Noel43", "position": "RF", "link": "https://www.espn.com/mlb/player/_/id/42548", "id": "42548"}, {"name": "Lane Thomas8", "position": "RF", "link": "https://www.espn.com/mlb/player/_/id/36409", "id": "36409"}], "cache_time": 1744837605.330906}