{"data": [{"name": "Anthony Banda43", "position": "RP", "link": "https://www.espn.com/mlb/player/_/id/34542", "id": "34542"}, {"name": "Ben Casparius78", "position": "RP", "link": "https://www.espn.com/mlb/player/_/id/4326800", "id": "4326800"}, {"name": "Jack Dreyer86", "position": "RP", "link": "https://www.espn.com/mlb/player/_/id/5136082", "id": "5136082"}, {"name": "Luis Garcia57", "position": "RP", "link": "https://www.espn.com/mlb/player/_/id/33089", "id": "33089"}, {"name": "Tyler Glasnow31", "position": "SP", "link": "https://www.espn.com/mlb/player/_/id/33190", "id": "33190"}, {"name": "Dustin May85", "position": "SP", "link": "https://www.espn.com/mlb/player/_/id/40937", "id": "40937"}, {"name": "Bobby Miller28", "position": "SP", "link": "https://www.espn.com/mlb/player/_/id/4326703", "id": "4326703"}, {"name": "Roki Sasaki11", "position": "SP", "link": "https://www.espn.com/mlb/player/_/id/5134638", "id": "5134638"}, {"name": "Tanner Scott66", "position": "RP", "link": "https://www.espn.com/mlb/player/_/id/35135", "id": "35135"}, {"name": "Blake Treinen49", "position": "RP", "link": "https://www.espn.com/mlb/player/_/id/32185", "id": "32185"}, {"name": "Alex Vesia51", "position": "RP", "link": "https://www.espn.com/mlb/player/_/id/42622", "id": "42622"}, {"name": "Yoshinobu Yamamoto18", "position": "SP", "link": "https://www.espn.com/mlb/player/_/id/4872587", "id": "4872587"}, {"name": "Kirby Yates38", "position": "RP", "link": "https://www.espn.com/mlb/player/_/id/32623", "id": "32623"}, {"name": "Austin Barnes15", "position": "C", "link": "https://www.espn.com/mlb/player/_/id/32856", "id": "32856"}, {"name": "Will Smith16", "position": "C", "link": "https://www.espn.com/mlb/player/_/id/38309", "id": "38309"}, {"name": "Mookie Betts50", "position": "SS", "link": "https://www.espn.com/mlb/player/_/id/33039", "id": "33039"}, {"name": "Freddie Freeman5", "position": "1B", "link": "https://www.espn.com/mlb/player/_/id/30193", "id": "30193"}, {"name": "Enrique Hernandez8", "position": "3B", "link": "https://www.espn.com/mlb/player/_/id/31358", "id": "31358"}, {"name": "Max Muncy13", "position": "3B", "link": "https://www.espn.com/mlb/player/_/id/33303", "id": "33303"}, {"name": "Miguel Rojas72", "position": "SS", "link": "https://www.espn.com/mlb/player/_/id/30791", "id": "30791"}, {"name": "Michael Conforto23", "position": "LF", "link": "https://www.espn.com/mlb/player/_/id/33711", "id": "33711"}, {"name": "Tommy Edman25", "position": "CF", "link": "https://www.espn.com/mlb/player/_/id/39907", "id": "39907"}, {"name": "Teoscar Hernandez37", "position": "LF", "link": "https://www.espn.com/mlb/player/_/id/33377", "id": "33377"}, {"name": "Andy Pages44", "position": "CF", "link": "https://www.espn.com/mlb/player/_/id/42468", "id": "42468"}, {"name": "Chris Taylor3", "position": "LF", "link": "https://www.espn.com/mlb/player/_/id/32900", "id": "32900"}, {"name": "Shohei Ohtani17", "position": "DH", "link": "https://www.espn.com/mlb/player/_/id/39832", "id": "39832"}], "cache_time": 1744837597.394669}