{"data": [{"name": "Bryan Abreu52", "position": "RP", "link": "https://www.espn.com/mlb/player/_/id/41208", "id": "41208"}, {"name": "Ronel Blanco56", "position": "SP", "link": "https://www.espn.com/mlb/player/_/id/41829", "id": "41829"}, {"name": "Hunter Brown58", "position": "SP", "link": "https://www.espn.com/mlb/player/_/id/4717803", "id": "4717803"}, {"name": "Luis Contreras73", "position": "RP", "link": "https://www.espn.com/mlb/player/_/id/5015727", "id": "5015727"}, {"name": "Ryan Gusto67", "position": "RP", "link": "https://www.espn.com/mlb/player/_/id/5131986", "id": "5131986"}, {"name": "Josh Hader71", "position": "RP", "link": "https://www.espn.com/mlb/player/_/id/32760", "id": "32760"}, {"name": "Nick Hernandez72", "position": "RP", "link": "https://www.espn.com/mlb/player/_/id/38190", "id": "38190"}, {"name": "Bryan King74", "position": "RP", "link": "https://www.espn.com/mlb/player/_/id/5201821", "id": "5201821"}, {"name": "Steven Okert48", "position": "RP", "link": "https://www.espn.com/mlb/player/_/id/33716", "id": "33716"}, {"name": "Tayler Scott50", "position": "RP", "link": "https://www.espn.com/mlb/player/_/id/39711", "id": "39711"}, {"name": "Bennett Sousa62", "position": "RP", "link": "https://www.espn.com/mlb/player/_/id/41776", "id": "41776"}, {"name": "Framber Valdez59", "position": "SP", "link": "https://www.espn.com/mlb/player/_/id/36581", "id": "36581"}, {"name": "Logan VanWey64", "position": "SP", "link": "https://www.espn.com/mlb/player/_/id/5136495", "id": "5136495"}, {"name": "Hayden Wesneski39", "position": "SP", "link": "https://www.espn.com/mlb/player/_/id/42996", "id": "42996"}, {"name": "Victor Caratini17", "position": "C", "link": "https://www.espn.com/mlb/player/_/id/33229", "id": "33229"}, {"name": "Yainer Diaz21", "position": "C", "link": "https://www.espn.com/mlb/player/_/id/4781491", "id": "4781491"}, {"name": "Jose Altuve27", "position": "2B", "link": "https://www.espn.com/mlb/player/_/id/31662", "id": "31662"}, {"name": "Zach Dezenzo9", "position": "1B", "link": "https://www.espn.com/mlb/player/_/id/5137883", "id": "5137883"}, {"name": "Isaac Paredes15", "position": "3B", "link": "https://www.espn.com/mlb/player/_/id/39706", "id": "39706"}, {"name": "Jeremy Pena3", "position": "SS", "link": "https://www.espn.com/mlb/player/_/id/41273", "id": "41273"}, {"name": "Brendan Rodgers1", "position": "2B", "link": "https://www.espn.com/mlb/player/_/id/35073", "id": "35073"}, {"name": "Cam Smith11", "position": "3B", "link": "https://www.espn.com/mlb/player/_/id/5080766", "id": "5080766"}, {"name": "Christian Walker8", "position": "1B", "link": "https://www.espn.com/mlb/player/_/id/32758", "id": "32758"}, {"name": "Yordan Alvarez44", "position": "LF", "link": "https://www.espn.com/mlb/player/_/id/36018", "id": "36018"}, {"name": "Mauricio Dubon14", "position": "LF", "link": "https://www.espn.com/mlb/player/_/id/35304", "id": "35304"}, {"name": "Chas McCormick20", "position": "LF", "link": "https://www.espn.com/mlb/player/_/id/40574", "id": "40574"}, {"name": "Jake Meyers6", "position": "CF", "link": "https://www.espn.com/mlb/player/_/id/40719", "id": "40719"}], "cache_time": 1744837600.369421}