{"data": [{"name": "Huascar Brazoban43", "position": "RP", "link": "https://www.espn.com/mlb/player/_/id/4916509", "id": "4916509"}, {"name": "Jose Butto70", "position": "RP", "link": "https://www.espn.com/mlb/player/_/id/4905900", "id": "4905900"}, {"name": "Griffin Canning46", "position": "SP", "link": "https://www.espn.com/mlb/player/_/id/41065", "id": "41065"}, {"name": "Edwin Diaz39", "position": "RP", "link": "https://www.espn.com/mlb/player/_/id/35394", "id": "35394"}, {"name": "Reed Garrett75", "position": "RP", "link": "https://www.espn.com/mlb/player/_/id/36526", "id": "36526"}, {"name": "Justin Hagenman51", "position": "RP", "link": "https://www.espn.com/mlb/player/_/id/4991251", "id": "4991251"}, {"name": "Clay Holmes35", "position": "SP", "link": "https://www.espn.com/mlb/player/_/id/32827", "id": "32827"}, {"name": "Tylor Megill38", "position": "SP", "link": "https://www.espn.com/mlb/player/_/id/3332018", "id": "3332018"}, {"name": "A.J. Minter33", "position": "RP", "link": "https://www.espn.com/mlb/player/_/id/36133", "id": "36133"}, {"name": "David Peterson23", "position": "SP", "link": "https://www.espn.com/mlb/player/_/id/40921", "id": "40921"}, {"name": "Kodai Senga34", "position": "SP", "link": "https://www.espn.com/mlb/player/_/id/4142421", "id": "4142421"}, {"name": "Ryne Stanek55", "position": "RP", "link": "https://www.espn.com/mlb/player/_/id/33301", "id": "33301"}, {"name": "Danny Young81", "position": "RP", "link": "https://www.espn.com/mlb/player/_/id/40903", "id": "40903"}, {"name": "Hayden Senger30", "position": "C", "link": "https://www.espn.com/mlb/player/_/id/4009410", "id": "4009410"}, {"name": "Luis Torrens13", "position": "C", "link": "https://www.espn.com/mlb/player/_/id/33805", "id": "33805"}, {"name": "Luisangel Acuna2", "position": "SS", "link": "https://www.espn.com/mlb/player/_/id/42411", "id": "42411"}, {"name": "Pete Alonso20", "position": "1B", "link": "https://www.espn.com/mlb/player/_/id/37498", "id": "37498"}, {"name": "Brett Baty7", "position": "3B", "link": "https://www.espn.com/mlb/player/_/id/42414", "id": "42414"}, {"name": "Francisco Lindor12", "position": "SS", "link": "https://www.espn.com/mlb/player/_/id/32129", "id": "32129"}, {"name": "Mark Vientos27", "position": "3B", "link": "https://www.espn.com/mlb/player/_/id/41034", "id": "41034"}, {"name": "Starling Marte6", "position": "RF", "link": "https://www.espn.com/mlb/player/_/id/30830", "id": "30830"}, {"name": "Brandon Nimmo9", "position": "LF", "link": "https://www.espn.com/mlb/player/_/id/32159", "id": "32159"}, {"name": "Jose Siri19", "position": "CF", "link": "https://www.espn.com/mlb/player/_/id/33954", "id": "33954"}, {"name": "Juan Soto22", "position": "RF", "link": "https://www.espn.com/mlb/player/_/id/36969", "id": "36969"}, {"name": "Tyrone Taylor15", "position": "RF", "link": "https://www.espn.com/mlb/player/_/id/32783", "id": "32783"}, {"name": "Jesse Winker3", "position": "LF", "link": "https://www.espn.com/mlb/player/_/id/32833", "id": "32833"}], "cache_time": 1744837601.635397}