{"data": [{"name": "Jose Alvarado46", "position": "RP", "link": "https://www.espn.com/mlb/player/_/id/36063", "id": "36063"}, {"name": "Tanner Banks58", "position": "RP", "link": "https://www.espn.com/mlb/player/_/id/40437", "id": "40437"}, {"name": "Carlos Hernandez35", "position": "RP", "link": "https://www.espn.com/mlb/player/_/id/41233", "id": "41233"}, {"name": "Orion Kerkering50", "position": "RP", "link": "https://www.espn.com/mlb/player/_/id/4630789", "id": "4630789"}, {"name": "Jesus Luzardo44", "position": "SP", "link": "https://www.espn.com/mlb/player/_/id/39667", "id": "39667"}, {"name": "Aaron Nola27", "position": "SP", "link": "https://www.espn.com/mlb/player/_/id/33709", "id": "33709"}, {"name": "Jordan Romano68", "position": "RP", "link": "https://www.espn.com/mlb/player/_/id/36380", "id": "36380"}, {"name": "Joe Ross41", "position": "RP", "link": "https://www.espn.com/mlb/player/_/id/32684", "id": "32684"}, {"name": "Jose Ruiz66", "position": "RP", "link": "https://www.espn.com/mlb/player/_/id/36053", "id": "36053"}, {"name": "Cristopher Sanchez61", "position": "SP", "link": "https://www.espn.com/mlb/player/_/id/42359", "id": "42359"}, {"name": "Matt Strahm25", "position": "RP", "link": "https://www.espn.com/mlb/player/_/id/34862", "id": "34862"}, {"name": "Taijuan Walker99", "position": "SP", "link": "https://www.espn.com/mlb/player/_/id/31864", "id": "31864"}, {"name": "Zack Wheeler45", "position": "SP", "link": "https://www.espn.com/mlb/player/_/id/31267", "id": "31267"}, {"name": "Rafael Marchan13", "position": "C", "link": "https://www.espn.com/mlb/player/_/id/40816", "id": "40816"}, {"name": "J.T. Realmuto10", "position": "C", "link": "https://www.espn.com/mlb/player/_/id/32177", "id": "32177"}, {"name": "Alec Bohm28", "position": "3B", "link": "https://www.espn.com/mlb/player/_/id/41169", "id": "41169"}, {"name": "Kody Clemens2", "position": "1B", "link": "https://www.espn.com/mlb/player/_/id/41311", "id": "41311"}, {"name": "Bryce Harper3", "position": "1B", "link": "https://www.espn.com/mlb/player/_/id/30951", "id": "30951"}, {"name": "Edmundo Sosa33", "position": "SS", "link": "https://www.espn.com/mlb/player/_/id/33809", "id": "33809"}, {"name": "Bryson Stott5", "position": "2B", "link": "https://www.espn.com/mlb/player/_/id/42417", "id": "42417"}, {"name": "Trea Turner7", "position": "SS", "link": "https://www.espn.com/mlb/player/_/id/33710", "id": "33710"}, {"name": "Nick Castellanos8", "position": "RF", "link": "https://www.espn.com/mlb/player/_/id/31187", "id": "31187"}, {"name": "Max Kepler17", "position": "RF", "link": "https://www.espn.com/mlb/player/_/id/31870", "id": "31870"}, {"name": "Brandon Marsh16", "position": "LF", "link": "https://www.espn.com/mlb/player/_/id/40803", "id": "40803"}, {"name": "Johan Rojas23", "position": "CF", "link": "https://www.espn.com/mlb/player/_/id/42829", "id": "42829"}, {"name": "Kyle Schwarber12", "position": "DH", "link": "https://www.espn.com/mlb/player/_/id/33712", "id": "33712"}], "cache_time": 1744837606.576578}