{"data": [{"name": "Brennan Bernardino83", "position": "RP", "link": "https://www.espn.com/mlb/player/_/id/35876", "id": "35876"}, {"name": "Walker Buehler0", "position": "SP", "link": "https://www.espn.com/mlb/player/_/id/39251", "id": "39251"}, {"name": "Aroldis Chapman44", "position": "RP", "link": "https://www.espn.com/mlb/player/_/id/30442", "id": "30442"}, {"name": "Garrett Crochet35", "position": "SP", "link": "https://www.espn.com/mlb/player/_/id/4297835", "id": "4297835"}, {"name": "Michael Fulmer51", "position": "RP", "link": "https://www.espn.com/mlb/player/_/id/34842", "id": "34842"}, {"name": "Tanner Houck89", "position": "SP", "link": "https://www.espn.com/mlb/player/_/id/41009", "id": "41009"}, {"name": "Zack Kelly76", "position": "RP", "link": "https://www.espn.com/mlb/player/_/id/41569", "id": "41569"}, {"name": "Sean Newcomb19", "position": "SP", "link": "https://www.espn.com/mlb/player/_/id/33856", "id": "33856"}, {"name": "Justin Slaten63", "position": "RP", "link": "https://www.espn.com/mlb/player/_/id/4917925", "id": "4917925"}, {"name": "Greg Weissert57", "position": "RP", "link": "https://www.espn.com/mlb/player/_/id/41485", "id": "41485"}, {"name": "Garrett Whitlock22", "position": "RP", "link": "https://www.espn.com/mlb/player/_/id/39674", "id": "39674"}, {"name": "Justin Wilson32", "position": "RP", "link": "https://www.espn.com/mlb/player/_/id/31026", "id": "31026"}, {"name": "Josh Winckowski25", "position": "RP", "link": "https://www.espn.com/mlb/player/_/id/4713488", "id": "4713488"}, {"name": "Carlos Narvaez75", "position": "C", "link": "https://www.espn.com/mlb/player/_/id/5012120", "id": "5012120"}, {"name": "Blake Sabol18", "position": "C", "link": "https://www.espn.com/mlb/player/_/id/5120296", "id": "5120296"}, {"name": "Kristian Campbell28", "position": "2B", "link": "https://www.espn.com/mlb/player/_/id/5201569", "id": "5201569"}, {"name": "Triston Casas36", "position": "1B", "link": "https://www.espn.com/mlb/player/_/id/41180", "id": "41180"}, {"name": "Rafael Devers11", "position": "3B", "link": "https://www.espn.com/mlb/player/_/id/33859", "id": "33859"}, {"name": "Romy Gonzalez23", "position": "2B", "link": "https://www.espn.com/mlb/player/_/id/42826", "id": "42826"}, {"name": "David Hamilton17", "position": "SS", "link": "https://www.espn.com/mlb/player/_/id/42987", "id": "42987"}, {"name": "Ceddanne Rafaela3", "position": "SS", "link": "https://www.espn.com/mlb/player/_/id/4987382", "id": "4987382"}, {"name": "Nick Sogard20", "position": "2B", "link": "https://www.espn.com/mlb/player/_/id/42979", "id": "42979"}, {"name": "Trevor Story10", "position": "SS", "link": "https://www.espn.com/mlb/player/_/id/32150", "id": "32150"}, {"name": "Wilyer Abreu52", "position": "RF", "link": "https://www.espn.com/mlb/player/_/id/4990055", "id": "4990055"}, {"name": "Jarren Duran16", "position": "CF", "link": "https://www.espn.com/mlb/player/_/id/41610", "id": "41610"}, {"name": "Rob Refsnyder30", "position": "LF", "link": "https://www.espn.com/mlb/player/_/id/33411", "id": "33411"}], "cache_time": 1744837598.857195}