{"data": [{"name": "Carlos Carrasco59", "position": "SP", "link": "https://www.espn.com/mlb/player/_/id/28968", "id": "28968"}, {"name": "Fernando Cruz63", "position": "RP", "link": "https://www.espn.com/mlb/player/_/id/34068", "id": "34068"}, {"name": "Max Fried54", "position": "SP", "link": "https://www.espn.com/mlb/player/_/id/32685", "id": "32685"}, {"name": "Yoendrys Gomez94", "position": "RP", "link": "https://www.espn.com/mlb/player/_/id/42898", "id": "42898"}, {"name": "Ian Hamilton71", "position": "RP", "link": "https://www.espn.com/mlb/player/_/id/41127", "id": "41127"}, {"name": "Tim Hill41", "position": "RP", "link": "https://www.espn.com/mlb/player/_/id/37005", "id": "37005"}, {"name": "Mark Leiter Jr.56", "position": "RP", "link": "https://www.espn.com/mlb/player/_/id/36202", "id": "36202"}, {"name": "Carlos Rodon55", "position": "SP", "link": "https://www.espn.com/mlb/player/_/id/33696", "id": "33696"}, {"name": "Clarke Schmidt36", "position": "SP", "link": "https://www.espn.com/mlb/player/_/id/41085", "id": "41085"}, {"name": "Will Warren98", "position": "SP", "link": "https://www.espn.com/mlb/player/_/id/5132011", "id": "5132011"}, {"name": "Luke Weaver30", "position": "RP", "link": "https://www.espn.com/mlb/player/_/id/33770", "id": "33770"}, {"name": "Devin Williams38", "position": "RP", "link": "https://www.espn.com/mlb/player/_/id/33224", "id": "33224"}, {"name": "Ryan Yarbrough33", "position": "RP", "link": "https://www.espn.com/mlb/player/_/id/33735", "id": "33735"}, {"name": "J.C. Escarra25", "position": "C", "link": "https://www.espn.com/mlb/player/_/id/41644", "id": "41644"}, {"name": "Austin Wells28", "position": "C", "link": "https://www.espn.com/mlb/player/_/id/4683349", "id": "4683349"}, {"name": "Oswaldo Cabrera95", "position": "3B", "link": "https://www.espn.com/mlb/player/_/id/40835", "id": "40835"}, {"name": "Jazz Chisholm Jr.13", "position": "3B", "link": "https://www.espn.com/mlb/player/_/id/41433", "id": "41433"}, {"name": "Paul Goldschmidt48", "position": "1B", "link": "https://www.espn.com/mlb/player/_/id/31027", "id": "31027"}, {"name": "Oswald Peraza18", "position": "3B", "link": "https://www.espn.com/mlb/player/_/id/42479", "id": "42479"}, {"name": "Pablo Reyes19", "position": "2B", "link": "https://www.espn.com/mlb/player/_/id/35439", "id": "35439"}, {"name": "Ben Rice22", "position": "1B", "link": "https://www.espn.com/mlb/player/_/id/5016968", "id": "5016968"}, {"name": "Anthony Volpe11", "position": "SS", "link": "https://www.espn.com/mlb/player/_/id/42547", "id": "42547"}, {"name": "Cody Bellinger35", "position": "CF", "link": "https://www.espn.com/mlb/player/_/id/33912", "id": "33912"}, {"name": "Jasson Dominguez24", "position": "LF", "link": "https://www.espn.com/mlb/player/_/id/42401", "id": "42401"}, {"name": "Trent Grisham12", "position": "CF", "link": "https://www.espn.com/mlb/player/_/id/34995", "id": "34995"}, {"name": "Aaron Judge99", "position": "CF", "link": "https://www.espn.com/mlb/player/_/id/33192", "id": "33192"}], "cache_time": 1744837596.221226}