{"data": [{"name": "Jason Adam40", "position": "RP", "link": "https://www.espn.com/mlb/player/_/id/32145", "id": "32145"}, {"name": "Dylan Cease84", "position": "SP", "link": "https://www.espn.com/mlb/player/_/id/34943", "id": "34943"}, {"name": "Jeremiah Estrada56", "position": "RP", "link": "https://www.espn.com/mlb/player/_/id/41014", "id": "41014"}, {"name": "Logan Gillaspie71", "position": "RP", "link": "https://www.espn.com/mlb/player/_/id/4905860", "id": "4905860"}, {"name": "Kyle Hart68", "position": "SP", "link": "https://www.espn.com/mlb/player/_/id/39936", "id": "39936"}, {"name": "Alek Jacob37", "position": "RP", "link": "https://www.espn.com/mlb/player/_/id/4346118", "id": "4346118"}, {"name": "Michael King34", "position": "SP", "link": "https://www.espn.com/mlb/player/_/id/40429", "id": "40429"}, {"name": "Yuki Matsui1", "position": "RP", "link": "https://www.espn.com/mlb/player/_/id/4142414", "id": "4142414"}, {"name": "Adrian Morejon50", "position": "RP", "link": "https://www.espn.com/mlb/player/_/id/40917", "id": "40917"}, {"name": "Wandy Peralta58", "position": "RP", "link": "https://www.espn.com/mlb/player/_/id/36036", "id": "36036"}, {"name": "Nick Pivetta27", "position": "SP", "link": "https://www.espn.com/mlb/player/_/id/36071", "id": "36071"}, {"name": "Robert Suarez75", "position": "RP", "link": "https://www.espn.com/mlb/player/_/id/4148749", "id": "4148749"}, {"name": "Randy Vasquez98", "position": "SP", "link": "https://www.espn.com/mlb/player/_/id/4722847", "id": "4722847"}, {"name": "Elias Diaz17", "position": "C", "link": "https://www.espn.com/mlb/player/_/id/33594", "id": "33594"}, {"name": "Martin Maldonado15", "position": "C", "link": "https://www.espn.com/mlb/player/_/id/30289", "id": "30289"}, {"name": "Luis Arraez4", "position": "1B", "link": "https://www.espn.com/mlb/player/_/id/39572", "id": "39572"}, {"name": "Xander Bogaerts2", "position": "2B", "link": "https://www.espn.com/mlb/player/_/id/31606", "id": "31606"}, {"name": "Yuli Gurriel10", "position": "1B", "link": "https://www.espn.com/mlb/player/_/id/36006", "id": "36006"}, {"name": "Jose Iglesias7", "position": "2B", "link": "https://www.espn.com/mlb/player/_/id/30382", "id": "30382"}, {"name": "Connor Joe24", "position": "1B", "link": "https://www.espn.com/mlb/player/_/id/35440", "id": "35440"}, {"name": "Manny Machado13", "position": "3B", "link": "https://www.espn.com/mlb/player/_/id/31097", "id": "31097"}, {"name": "Tyler Wade14", "position": "3B", "link": "https://www.espn.com/mlb/player/_/id/33878", "id": "33878"}, {"name": "Oscar Gonzalez39", "position": "RF", "link": "https://www.espn.com/mlb/player/_/id/39400", "id": "39400"}, {"name": "Jason Heyward22", "position": "RF", "link": "https://www.espn.com/mlb/player/_/id/29551", "id": "29551"}, {"name": "Gavin Sheets30", "position": "OF", "link": "https://www.espn.com/mlb/player/_/id/40700", "id": "40700"}, {"name": "Fernando Tatis Jr.23", "position": "RF", "link": "https://www.espn.com/mlb/player/_/id/35983", "id": "35983"}], "cache_time": 1744837594.084245}