[{"id": "778291", "date": "2025-04-17", "time": "2025-04-17T16:10:00Z", "venue": "loanDepot park", "home_team": {"name": "Miami Marlins", "abbreviation": "MIA", "display_name": "Miami Marlins", "logo": "https://www.mlbstatic.com/team-logos/MIA.svg", "probable_pitcher": {"name": "Edward Cabrera", "stats": {"era": "N/A", "whip": 1.25, "strikeouts": 100, "innings_pitched": 100, "era_source": "not-found", "last_updated": "2025-04-16 22:21:08"}}}, "away_team": {"name": "Arizona Diamondbacks", "abbreviation": "AZ", "display_name": "Arizona Diamondbacks", "logo": "https://www.mlbstatic.com/team-logos/AZ.svg", "probable_pitcher": {"name": "Eduardo Rodriguez", "stats": {"era": 4.15, "whip": 1.25, "strikeouts": 100, "innings_pitched": 100, "era_source": "MLB Stats API (Fallback)", "last_updated": "2025-04-16 22:21:08"}}}, "weather": {"temperature": 75, "condition": "Clear", "wind": "10 mph"}, "ballpark_factor": 1.0}, {"id": "778280", "date": "2025-04-17", "time": "2025-04-17T16:35:00Z", "venue": "PNC Park", "home_team": {"name": "Pittsburgh Pirates", "abbreviation": "PIT", "display_name": "Pittsburgh Pirates", "logo": "https://www.mlbstatic.com/team-logos/PIT.svg", "probable_pitcher": {"name": "Andrew Heaney", "stats": {"era": 4.56, "whip": 1.25, "strikeouts": 100, "innings_pitched": 100, "era_source": "MLB Stats API (Fallback)", "last_updated": "2025-04-16 22:21:08"}}}, "away_team": {"name": "Washington Nationals", "abbreviation": "WSH", "display_name": "Washington Nationals", "logo": "https://www.mlbstatic.com/team-logos/WSH.svg", "probable_pitcher": {"name": "Trevor Williams", "stats": {"era": 4.46, "whip": 1.25, "strikeouts": 100, "innings_pitched": 100, "era_source": "MLB Stats API (Fallback)", "last_updated": "2025-04-16 22:21:08"}}}, "weather": {"temperature": 75, "condition": "Clear", "wind": "10 mph"}, "ballpark_factor": 1.0}, {"id": "778285", "date": "2025-04-17", "time": "2025-04-17T16:40:00Z", "venue": "Great American Ball Park", "home_team": {"name": "Cincinnati Reds", "abbreviation": "CIN", "display_name": "Cincinnati Reds", "logo": "https://www.mlbstatic.com/team-logos/CIN.svg", "probable_pitcher": {"name": "Brady Singer", "stats": {"era": 4.39, "whip": 1.25, "strikeouts": 100, "innings_pitched": 100, "era_source": "MLB Stats API (Fallback)", "last_updated": "2025-04-16 22:21:08"}}}, "away_team": {"name": "Seattle Mariners", "abbreviation": "SEA", "display_name": "Seattle Mariners", "logo": "https://www.mlbstatic.com/team-logos/SEA.svg", "probable_pitcher": {"name": "Bryan Woo", "stats": {"era": 3.63, "whip": 1.25, "strikeouts": 100, "innings_pitched": 100, "era_source": "MLB Stats API (Fallback)", "last_updated": "2025-04-16 22:21:08"}}}, "weather": {"temperature": 75, "condition": "Clear", "wind": "10 mph"}, "ballpark_factor": 1.0}, {"id": "778283", "date": "2025-04-17", "time": "2025-04-17T18:10:00Z", "venue": "Rate Field", "home_team": {"name": "Chicago White Sox", "abbreviation": "CWS", "display_name": "Chicago White Sox", "logo": "https://www.mlbstatic.com/team-logos/CWS.svg", "probable_pitcher": {"name": "Davis Martin", "stats": {"era": "N/A", "whip": 1.25, "strikeouts": 100, "innings_pitched": 100, "era_source": "not-found", "last_updated": "2025-04-16 22:21:09"}}}, "away_team": {"name": "Athletics", "abbreviation": "ATH", "display_name": "Athletics", "logo": "https://www.mlbstatic.com/team-logos/ATH.svg", "probable_pitcher": {"name": "JP Sears", "stats": {"era": 4.37, "whip": 1.25, "strikeouts": 100, "innings_pitched": 100, "era_source": "MLB Stats API (Fallback)", "last_updated": "2025-04-16 22:21:09"}}}, "weather": {"temperature": 75, "condition": "Clear", "wind": "10 mph"}, "ballpark_factor": 1.0}, {"id": "778279", "date": "2025-04-17", "time": "2025-04-17T20:05:00Z", "venue": "Citizens Bank Park", "home_team": {"name": "Philadelphia Phillies", "abbreviation": "PHI", "display_name": "Philadelphia Phillies", "logo": "https://www.mlbstatic.com/team-logos/PHI.svg", "probable_pitcher": {"name": "Cristopher S\u00e1nchez", "stats": {"era": 3.44, "whip": 1.25, "strikeouts": 100, "innings_pitched": 100, "era_source": "MLB Stats API (Fallback)", "last_updated": "2025-04-16 22:21:09"}}}, "away_team": {"name": "San Francisco Giants", "abbreviation": "SF", "display_name": "San Francisco Giants", "logo": "https://www.mlbstatic.com/team-logos/SF.svg", "probable_pitcher": {"name": "Jordan Hicks", "stats": {"era": 3.78, "whip": 1.25, "strikeouts": 100, "innings_pitched": 100, "era_source": "MLB Stats API (Fallback)", "last_updated": "2025-04-16 22:21:09"}}}, "weather": {"temperature": 75, "condition": "Clear", "wind": "10 mph"}, "ballpark_factor": 1.0}, {"id": "778292", "date": "2025-04-17", "time": "2025-04-17T22:35:00Z", "venue": "Oriole Park at Camden Yards", "home_team": {"name": "Baltimore Orioles", "abbreviation": "BAL", "display_name": "Baltimore Orioles", "logo": "https://www.mlbstatic.com/team-logos/BAL.svg", "probable_pitcher": {"name": "Tomoyuki Sugano", "stats": {"era": "N/A", "whip": 1.25, "strikeouts": 100, "innings_pitched": 100, "era_source": "not-found", "last_updated": "2025-04-16 22:21:09"}}}, "away_team": {"name": "Cleveland Guardians", "abbreviation": "CLE", "display_name": "Cleveland Guardians", "logo": "https://www.mlbstatic.com/team-logos/CLE.svg", "probable_pitcher": {"name": "Tanner Bibee", "stats": {"era": 3.91, "whip": 1.25, "strikeouts": 100, "innings_pitched": 100, "era_source": "MLB Stats API (Fallback)", "last_updated": "2025-04-16 22:21:09"}}}, "weather": {"temperature": 75, "condition": "Clear", "wind": "10 mph"}, "ballpark_factor": 1.0}, {"id": "778286", "date": "2025-04-17", "time": "2025-04-17T22:40:00Z", "venue": "Comerica Park", "home_team": {"name": "Detroit Tigers", "abbreviation": "DET", "display_name": "Detroit Tigers", "logo": "https://www.mlbstatic.com/team-logos/DET.svg", "probable_pitcher": {"name": "Reese Olson", "stats": {"era": 3.92, "whip": 1.25, "strikeouts": 100, "innings_pitched": 100, "era_source": "MLB Stats API (Fallback)", "last_updated": "2025-04-16 22:21:09"}}}, "away_team": {"name": "Kansas City Royals", "abbreviation": "KC", "display_name": "Kansas City Royals", "logo": "https://www.mlbstatic.com/team-logos/KC.svg", "probable_pitcher": {"name": "Michael Lorenzen", "stats": {"era": "N/A", "whip": 1.25, "strikeouts": 100, "innings_pitched": 100, "era_source": "not-found", "last_updated": "2025-04-16 22:21:09"}}}, "weather": {"temperature": 75, "condition": "Clear", "wind": "10 mph"}, "ballpark_factor": 1.0}, {"id": "778282", "date": "2025-04-17", "time": "2025-04-17T23:05:00Z", "venue": "George M. Steinbrenner Field", "home_team": {"name": "Tampa Bay Rays", "abbreviation": "TB", "display_name": "Tampa Bay Rays", "logo": "https://www.mlbstatic.com/team-logos/TB.svg", "probable_pitcher": {"name": "Taj Bradley", "stats": {"era": 4.19, "whip": 1.25, "strikeouts": 100, "innings_pitched": 100, "era_source": "MLB Stats API (Fallback)", "last_updated": "2025-04-16 22:21:10"}}}, "away_team": {"name": "New York Yankees", "abbreviation": "NYY", "display_name": "New York Yankees", "logo": "https://www.mlbstatic.com/team-logos/NYY.svg", "probable_pitcher": {"name": "Will Warren", "stats": {"era": "N/A", "whip": 1.25, "strikeouts": 100, "innings_pitched": 100, "era_source": "not-found", "last_updated": "2025-04-16 22:21:10"}}}, "weather": {"temperature": 75, "condition": "Clear", "wind": "10 mph"}, "ballpark_factor": 1.0}, {"id": "778278", "date": "2025-04-17", "time": "2025-04-17T23:10:00Z", "venue": "Citi Field", "home_team": {"name": "New York Mets", "abbreviation": "NYM", "display_name": "New York Mets", "logo": "https://www.mlbstatic.com/team-logos/NYM.svg", "probable_pitcher": {"name": "Griffin Canning", "stats": {"era": 4.75, "whip": 1.25, "strikeouts": 100, "innings_pitched": 100, "era_source": "MLB Stats API (Fallback)", "last_updated": "2025-04-16 22:21:10"}}}, "away_team": {"name": "St. Louis Cardinals", "abbreviation": "STL", "display_name": "St. Louis Cardinals", "logo": "https://www.mlbstatic.com/team-logos/STL.svg", "probable_pitcher": {"name": "Andre Pallante", "stats": {"era": "N/A", "whip": 1.25, "strikeouts": 100, "innings_pitched": 100, "era_source": "not-found", "last_updated": "2025-04-16 22:21:10"}}}, "weather": {"temperature": 75, "condition": "Clear", "wind": "10 mph"}, "ballpark_factor": 1.0}, {"id": "778281", "date": "2025-04-17", "time": "2025-04-18T00:05:00Z", "venue": "Globe Life Field", "home_team": {"name": "Texas Rangers", "abbreviation": "TEX", "display_name": "Texas Rangers", "logo": "https://www.mlbstatic.com/team-logos/TEX.svg", "probable_pitcher": {"name": "Kumar Rocker", "stats": {"era": "N/A", "whip": 1.25, "strikeouts": 100, "innings_pitched": 100, "era_source": "not-found", "last_updated": "2025-04-16 22:21:10"}}}, "away_team": {"name": "Los Angeles Angels", "abbreviation": "LAA", "display_name": "Los Angeles Angels", "logo": "https://www.mlbstatic.com/team-logos/LAA.svg", "probable_pitcher": {"name": "Jack Kochanowicz", "stats": {"era": "N/A", "whip": 1.25, "strikeouts": 100, "innings_pitched": 100, "era_source": "not-found", "last_updated": "2025-04-16 22:21:10"}}}, "weather": {"temperature": 75, "condition": "Clear", "wind": "10 mph"}, "ballpark_factor": 1.0}]